연번,상호명,활동장소,건물명,대표번호,취급부류
1,(유)선우회센터,가락시장,가락몰 5관 편의시설 1층 001-1호,02-6978-1200,기타
2,(유)수동상회,가락시장,가락몰 5관 편의시설 1층 002-1호,02-401-5541,수산부류
3,(유)해남수산,가락시장,가락몰 5관 편의시설 1층 003-1호,02-407-4195,채소류
4,(유)해남수산,가락시장,가락몰 5관 편의시설 1층 004-1호,02-407-4195,채소류
5,고흥상회,가락시장,가락몰 5관 편의시설 1층 005-1호,02-407-7463,수산부류
6,(유)채원수산,가락시장,가락몰 5관 편의시설 1층 006-1호,02-6978-1200,수산부류
7,(유)성광수산,가락시장,가락몰 5관 편의시설 1층 007-1호,02-407-7463,수산부류
8,(유)채원수산,가락시장,가락몰 5관 편의시설 1층 008-1호,02-6978-1200,수산부류
9,(유)대양수산,가락시장,가락몰 5관 편의시설 1층 009-1호,02-407-7463,선어류
10,(유)백운횟집,가락시장,가락몰 5관 편의시설 1층 010-1호,02-6978-1111,기타
11,(유)백운횟집,가락시장,가락몰 5관 편의시설 1층 011-1호,02-6978-1111,기타
12,(유)백운횟집,가락시장,가락몰 5관 편의시설 1층 012-1호,02-6978-1111,기타
13,(주)포항수산,가락시장,가락몰 5관 편의시설 1층 013-1호,02-408-8817,기타
14,(유)가락수산회센터,가락시장,가락몰 5관 편의시설 1층 014-1호,02-403-1767,수산부류
15,(유)부안상회,가락시장,가락몰 5관 편의시설 1층 015-1호,,선어류
16,(유)동군산수산,가락시장,가락몰 5관 편의시설 1층 016-1호,02-448-0868,수산부류
17,흑산수산,가락시장,가락몰 5관 편의시설 1층 017-1호,02-6978-1300,수산부류
18,유한회사 포항회센터,가락시장,가락몰 5관 편의시설 1층 018-1호,,수산부류
19,(유)나로도수산,가락시장,가락몰 5관 편의시설 1층 019-1호,02-407-7463,기타
20,주식회사 수담차이,가락시장,가락몰 5관 편의시설 2층 001-1호,,기타
21,거북선(신해금강),가락시장,가락몰 5관 편의시설 2층 002-1호,,기타
22,정육식당일품주식회사,가락시장,가락몰 5관 편의시설 2층 003-1호,,기타
23,(유)서울식당,가락시장,가락몰 5관 편의시설 3층 001-1호,,채소류
24,(유)신해금강,가락시장,가락몰 5관 편의시설 3층 002-1호,02-6978-1717,기타
25,(유)만찬,가락시장,가락몰 5관 편의시설 3층 004-1호,02-6978-1177,기타
26,(유)만찬,가락시장,가락몰 5관 편의시설 3층 006-1호,02-6978-1177,기타
27,(유)돌고래회양념식당,가락시장,가락몰 5관 편의시설 3층 007-1호,,청과부류
28,(유)아름다운한강,가락시장,가락몰 4관 편의시설 1층 001-1호,02-409-2315,기타
29,(유)성전일식,가락시장,가락몰 4관 편의시설 1층 002-1호,02-407-2981,기타
30,(유)정동,가락시장,가락몰 4관 편의시설 2층 001-1호,02-6978-2580,기타
31,(유)유정씨푸드,가락시장,가락몰 4관 편의시설 3층 001-1호,02-6978-2020,기타
32,(유)가락마당,가락시장,가락몰 4관 편의시설 3층 002-1호,02-449-2107,기타
33,강동수산새마을금고,가락시장,가락몰 4관 편의시설 지하1층 001-1호,02-448-3738,기타
34,강동수산새마을금고,가락시장,가락몰 4관 편의시설 지하1층 002-1호,02-448-3738,기타
35,(유)셀그린농산,가락시장,가락몰 4관 편의시설 지하1층 003-1호,,채소류
36,(주)보은수산,가락시장,가락몰 4관 편의시설 지하1층 004-1호,02-407-7934,기타
37,(유)참좋은향기,가락시장,가락몰 4관 편의시설 지하1층 005-1호,02-6978-0106,기타
38,가락몰점,가락시장,가락몰 4관 편의시설 지하1층 008-1호,02-409-2679,기타
39,(주)위드에프앤디,가락시장,가락몰 4관 편의시설 지하1층 009-1호,02-6978-0230,기타
40,(유)청춘포차,가락시장,가락몰 4관 편의시설 지하1층 010-1호,,채소류
41,(유)청춘포차,가락시장,가락몰 4관 편의시설 지하1층 051-1호,,채소류
42,(유)발안유통,가락시장,가락몰 4관 편의시설 지하1층 052-1호,,식품잡화
43,(유)가락유통,가락시장,가락몰 4관 편의시설 지하1층 053-1호,,기타
44,(유)가락유통,가락시장,가락몰 4관 편의시설 지하1층 054-1호,,기타
45,(유)쌍둥이네,가락시장,가락몰 4관 편의시설 지하1층 055-1호,,기타
46,(유)한결농산,가락시장,가락몰 4관 편의시설 지하1층 056-1호,,채소류
47,(유)민들레식당,가락시장,가락몰 4관 편의시설 지하1층 058-1호,,채소류
48,(주)원조계란말이즉석김밥,가락시장,가락몰 4관 편의시설 지하1층 059-1호,,청과부류
49,(주)원조계란말이즉석김밥,가락시장,가락몰 4관 편의시설 지하1층 060-1호,,청과부류
50,(주)스마일나물,가락시장,가락몰 4관 편의시설 지하1층 061-1호,,청과부류
51,(주)스마일나물,가락시장,가락몰 4관 편의시설 지하1층 062-1호,,청과부류
52,(주)동일유통,가락시장,가락몰 4관 편의시설 지하1층 064-1호,,기타
53,(유)투박이,가락시장,가락몰 4관 편의시설 지하1층 067-1호,02-407-8841,기타
54,(주)위드에프앤디,가락시장,가락몰 4관 편의시설 지하1층 069-1호,02-6978-0230,기타
55,(유)청춘포차,가락시장,가락몰 4관 편의시설 지하1층 071-1호,,채소류
56,(유)태경종합푸드,가락시장,가락몰 4관 편의시설 지하1층 074-1호,02-407-6461,기타
57,(유)맛하우스,가락시장,가락몰 4관 편의시설 지하1층 077-1호,02-407-2531,기타
58,(유)청정해유통,가락시장,가락몰 4관 편의시설 지하1층 078-1호,02-407-8618,식품잡화
59,(유)남산푸드,가락시장,가락몰 4관 편의시설 지하1층 079-1호,,채소류
60,(유)남산푸드,가락시장,가락몰 4관 편의시설 지하1층 079-2호,,채소류
61,(유)충남상회,가락시장,가락몰 4관 편의시설 지하1층 080-1호,,기타
62,(유)보니파시오상회,가락시장,가락몰 4관 편의시설 지하1층 081-1호,02-407-3094,건어류
63,(유)고모식품,가락시장,가락몰 4관 편의시설 지하1층 082-1호,02-407-0643,선어류
64,(유)백부장푸드,가락시장,가락몰 4관 편의시설 지하1층 083-1호,,건어류
65,(유)백부장푸드,가락시장,가락몰 4관 편의시설 지하1층 084-1호,,건어류
66,(유)초록원,가락시장,가락몰 4관 편의시설 지하1층 085-1호,,기타
67,(유)청결상회,가락시장,가락몰 4관 편의시설 지하1층 101-1호,,채소류
68,소통,가락시장,가락몰 4관 편의시설 지하1층 102-1호,,채소류
69,(유)가호농산 가호푸드,가락시장,가락몰 4관 편의시설 지하1층 103-1호,,채소류
70,(유)솔향식당,가락시장,가락몰 4관 편의시설 지하1층 105-1호,,기타
71,(유)채움뜰,가락시장,가락몰 4관 편의시설 지하1층 107-1호,,채소류
72,(유)죽전상사,가락시장,가락몰 4관 편의시설 지하1층 108-1호,,채소류
73,(유)죽전상사,가락시장,가락몰 4관 편의시설 지하1층 109-1호,,채소류
74,(유)함초롱유통,가락시장,가락몰 4관 편의시설 지하1층 110-1호,,채소류
75,(유)삼영상사,가락시장,가락몰 4관 편의시설 지하1층 111-1호,,채소류
76,(유)서태전농산 짜로가든,가락시장,가락몰 4관 편의시설 지하1층 113-1호,,기타
77,(유)친절유통,가락시장,가락몰 4관 편의시설 지하1층 114-1호,,채소류
78,(유)가호농산 가호푸드,가락시장,가락몰 4관 편의시설 지하1층 115-1호,,채소류
79,(유)가호농산 가호푸드,가락시장,가락몰 4관 편의시설 지하1층 116-1호,,채소류
80,(유)가호농산 가호푸드,가락시장,가락몰 4관 편의시설 지하1층 117-1호,,채소류
81,진흥,가락시장,가락몰 4관 편의시설 지하1층 118-1호,02-403-3032,과일류
82,(유)남정유통,가락시장,가락몰 4관 편의시설 지하1층 119-1호,,채소류
83,(유)정진농산,가락시장,가락몰 3관 판매시설 1층 002-1호,02-407-1064,기타
84,(주)새농,가락시장,가락몰 3관 판매시설 2층 001-1호,02-3401-4900,기타
85,리얼펍가락몰점((유)가호농산),가락시장,가락몰 3관 편의시설 1층 001-1호,,기타
86,(유)다오세 사람들,가락시장,가락몰 3관 편의시설 1층 003-1호,,기타
87,이디야 가락몰점,가락시장,가락몰 3관 편의시설 3층 001-1호,,기타
88,(유)소정식당,가락시장,가락몰 3관 편의시설 3층 002-1호,02-409-9290,기타
89,주식회사 다미정,가락시장,가락몰 3관 편의시설 3층 003-1호,,기타
90,주식회사 다미정,가락시장,가락몰 3관 편의시설 3층 004-1호,,기타
91,대창 맘,가락시장,가락몰 2관 판매시설 1층 001-1호,02-407-9018,기타
92,치즈마트,가락시장,가락몰 2관 판매시설 1층 002-1호,,기타
93,(유)진가랑건냉,가락시장,가락몰 2관 판매시설 1층 003-1호,02-401-3865,건어기타
94,(유)진가네식품,가락시장,가락몰 2관 판매시설 1층 005-1호,02-407-1882,
95,(주)남원건냉,가락시장,가락몰 2관 판매시설 1층 007-1호,02-407-5036,기타
96,(주)남원건냉,가락시장,가락몰 2관 판매시설 1층 007-2호,02-407-5036,기타
97,(유)광천상회,가락시장,가락몰 2관 판매시설 1층 009-1호,02-407-7479,기타
98,(주)신안유통,가락시장,가락몰 2관 판매시설 1층 010-1호,,기타
99,(유)해담,가락시장,가락몰 2관 편의시설 3층 001-1호,02-403-4763,기타
100,(유)장터식품,가락시장,가락몰 2관 편의시설 3층 002-1호,02-409-2671,기타
101,(유)일가에프앤비,가락시장,가락몰 2관 편의시설 3층 003-1호,02-2043-8998,채소류
102,(주)파이브텐,가락시장,가락몰 2관 편의시설 3층 004-1호,02-6978-1501,기타
103,유명식당,가락시장,가락몰 2관 편의시설 3층 005-1호,02-407-3651,기타
104,재우상회,가락시장,가락몰 1관 판매시설 1층 001-1호,02-407-3920,기타
105,(유)동우웰빙팜,가락시장,가락몰 1관 판매시설 1층 002-1호,02-409-2621,식품잡화
106,(유)한양푸드시스템,가락시장,가락몰 1관 판매시설 1층 003-1호,02-407-5737,식품잡화
107,(주)유창,가락시장,가락몰 1관 판매시설 1층 004-1호,02-407-3383,기타
108,(유)유창종합식품,가락시장,가락몰 1관 판매시설 1층 005-1호,02-407-3383,기타
109,광덕,가락시장,가락몰 1관 판매시설 2층 002-1호,02-407-7559,기타
110,진미전통식품,가락시장,가락몰 1관 판매시설 2층 003-1호,02-407-7848,기타
111,(유)부성상회,가락시장,가락몰 1관 판매시설 2층 004-2호,02-407-9993,기타
112,주식회사 이랜드이츠,가락시장,가락몰 1관 편의시설 3층 001-1호,,기타
113,(주)지에스25 가락몰점,가락시장,가락몰 업무동 1층 001-1호,070-4351-3776,기타
114,(주)승전식품,가락시장,가락몰 업무동 1층 002-1호,,기타
115,(주)보성농산,가락시장,가락몰 업무동 1층 002-2호,,식품잡화
116,일층가락약국,가락시장,가락몰 업무동 1층 005-1호,02-404-2101,기타
117,농협은행(주)가락시장지점,가락시장,가락몰 업무동 1층 006-1호,02-408-6613,기타
118,엠엘 주식회사 ,가락시장,가락몰 업무동 1층 007-1호,070-4924-0520,기타
119,(주)아침햇살,가락시장,가락몰 업무동 1층 011-1호,,기타
120,(유)에이원푸드시스템,가락시장,가락몰 업무동 1층 012-1호,,채소류
121,(유)에이원푸드시스템,가락시장,가락몰 업무동 1층 013-1호,,채소류
122,(주)그린상회,가락시장,가락몰 업무동 1층 013-2호,02-402-9331,기타
123,(주)보성농산,가락시장,가락몰 업무동 1층 013-3호,,식품잡화
124,(주)그린상회,가락시장,가락몰 업무동 1층 015-1호,02-402-9331,기타
125,(주)씨에스컨벤션,가락시장,가락몰 업무동 2층 001-1호,02-463-5000,기타
126,주식회사 재다,가락시장,가락몰 업무동 5층 001-1호,02-6978-3838,기타
127,가락한솔의원,가락시장,가락몰 업무동 5층 002-1호,02-6978-3456,기타
128,가락한솔의원,가락시장,가락몰 업무동 5층 003-1호,02-6978-3456,기타
129,가락한솔의원,가락시장,가락몰 업무동 5층 004-1호,02-6978-3456,기타
130,가락한솔의원,가락시장,가락몰 업무동 5층 005-1호,02-6978-3456,기타
131,가락한솔의원,가락시장,가락몰 업무동 5층 006-1호,02-6978-3456,기타
132,평화약국,가락시장,가락몰 업무동 5층 007-1호,02-407-2218,기타
133,준앤민닥터포유의원,가락시장,가락몰 업무동 5층 008-1호,02-423-7575,기타
134,준앤민닥터포유의원,가락시장,가락몰 업무동 5층 009-1호,02-423-7575,기타
135,준앤민닥터포유의원,가락시장,가락몰 업무동 5층 010-1호,02-423-7575,기타
136,준앤민닥터포유의원,가락시장,가락몰 업무동 5층 010-2호,02-423-7575,기타
137,연세위너스재활의학과의원,가락시장,가락몰 업무동 5층 013-1호,02-6953-2775,기타
138,연세위너스재활의학과의원,가락시장,가락몰 업무동 5층 014-1호,02-6953-2775,기타
139,연세위너스재활의학과의원,가락시장,가락몰 업무동 5층 015-1호,02-6953-2775,기타
140,연세위너스재활의학과의원,가락시장,가락몰 업무동 5층 015-2호,02-6953-2775,기타
141,가락경희한의원,가락시장,가락몰 업무동 5층 016-1호,02-6978-4567,기타
142,가락삼성치과의원,가락시장,가락몰 업무동 5층 017-1호,02-431-2804,기타
143,가락삼성치과의원,가락시장,가락몰 업무동 5층 018-1호,02-431-2804,기타
144,가락삼성치과의원,가락시장,가락몰 업무동 5층 019-1호,02-431-2804,기타
145,연세위너스재활의학과의원,가락시장,가락몰 업무동 5층 020-1호,02-6953-2775,기타
146,연세위너스재활의학과의원,가락시장,가락몰 업무동 5층 021-1호,02-6953-2775,기타
147,연세위너스재활의학과의원,가락시장,가락몰 업무동 5층 022-1호,02-6953-2775,기타
148,연세위너스재활의학과의원,가락시장,가락몰 업무동 5층 023-1호,02-6953-2775,기타
149,연세위너스재활의학과의원,가락시장,가락몰 업무동 5층 023-2호,02-6953-2775,기타
150,유친이타넷,가락시장,가락몰 업무동 6층 006-1호,,기타
151,앤드푸드,가락시장,가락몰 업무동 7층 019-1호,,기타
152,웰스매니지먼트,가락시장,가락몰 업무동 8층 004-1호,,기타
153,주식회사 원월드,가락시장,가락몰 업무동 8층 007-1호,,기타
154,주식회사 원월드,가락시장,가락몰 업무동 8층 008-1호,,기타
155,주식회사 태봉프레시,가락시장,가락몰 업무동 8층 009-1호,,기타
156,주식회사 온정건설,가락시장,가락몰 업무동 8층 013-1호,,기타
157,(주)청담아실,가락시장,가락몰 업무동 8층 019-1호,,청과부류
158,(주)청담아실,가락시장,가락몰 업무동 8층 020-1호,,청과부류
159,주식회사 케이푸드 정읍지점,가락시장,가락몰 업무동 9층 001-1호,,기타
160,농업회사법인 주식회사 써니너스,가락시장,가락몰 업무동 9층 003-1호,070-5143-5959,기타
161,프라임에셋(주),가락시장,가락몰 업무동 10층 022-1호,02-2024-9452,기타
162,주식회사 돼지농산,가락시장,가락몰 업무동 10층 023-1호,02-407-4241,채소류
163,(주)메디비젼,가락시장,가락몰 업무동 11층 002-1호,070-4060-1084,기타
164,(주)메디비젼,가락시장,가락몰 업무동 11층 003-1호,070-4060-1084,기타
165,수현파트너스,가락시장,가락몰 업무동 12층 004-1호,02-409-2565,기타
166,(주)씨아이테크,가락시장,가락몰 업무동 12층 009-1호,02-2038-7882,기타
167,주식회사 파나시아원,가락시장,가락몰 업무동 12층 017-1호,02-577-7317,기타
168,서울특별시,가락시장,가락몰 업무동 13층 015-1호,02-2133-4775,기타
169,서울특별시,가락시장,가락몰 업무동 13층 016-1호,02-2133-4775,기타
170,(유)옥철유통,가락시장,가락몰판매동기타 1층 001-1호,02-408-6389,축산부류
171,경기축산,가락시장,가락몰판매동기타 1층 002-1호,02-408-0032,축산부류
172,오진유통,가락시장,가락몰판매동기타 1층 003-1호,,기타
173,상신,가락시장,가락몰판매동기타 1층 003-2호,,기타
174,(주)한주주방아울렛,가락시장,가락몰판매동기타 2층 001-1호,02-6426-0009,기타
175,가락몰 청과직판 조합,가락시장,가락몰판매동기타 지하1층 C178-1호,02-430-0082,기타
176,가락공동물류(주),가락시장,가락몰판매동기타 지하1층 S08-2호,,기타
177,가락몰 청과직판 조합,가락시장,가락몰 판매동 1층 전동차수리소 1호 (수리소),02-430-0082,기타
178,(유)칠복사농산,가락시장,가락몰 판매동 청과부류 2층 A67-1호,,채소류
179,(주)햇살농가,가락시장,가락몰 판매동 청과부류 2층 A68-1호,,채소류
180,(유)엘림봉투,가락시장,가락몰 판매동 청과부류 2층 A71-1호,,채소류
181,유명상회,가락시장,가락몰 판매동 청과부류 2층 A72-1호,,채소류
182,(유)복골농산,가락시장,가락몰 판매동 청과부류 2층 A73-1호,02-404-1642,채소류
183,금정상회,가락시장,가락몰 판매동 청과부류 2층 A75-1호,,기타
184,(유)그린팜플러스,가락시장,가락몰 판매동 청과부류 지하1층 A192-1호,,채소류
185,(유)그린팜플러스,가락시장,가락몰 판매동 청과부류 지하1층 A193-1호,,채소류
186,(주)우주식품디씨오피,가락시장,가락몰 판매동 청과부류 지하1층 A01-1호,02-6287-0450,기타
187,(주)우주식품디씨오피,가락시장,가락몰 판매동 청과부류 지하1층 A017호,02-6287-0450,기타
188,(주)우주식품디씨오피,가락시장,가락몰 판매동 청과부류 지하1층 A018호,02-6287-0450,기타
189,(주)우주식품디씨오피,가락시장,가락몰 판매동 청과부류 지하1층 A019호,02-6287-0450,기타
190,(주)우주식품디씨오피,가락시장,가락몰 판매동 청과부류 지하1층 A020호,02-6287-0450,기타
191,(유)기찬푸드,가락시장,가락몰 판매동 청과부류 지하1층 A030호,,청과부류
192,(유)그린박사,가락시장,가락몰 판매동 청과부류 지하1층 A034호,,채소류
193,신대운(유),가락시장,가락몰 판매동 청과부류 지하1층 A042호,02-440-1064,채소류
194,(유)청경상회,가락시장,가락몰 판매동 청과부류 지하1층 A044호,,청과부류
195,(유)승갑농산,가락시장,가락몰 판매동 청과부류 지하1층 A048호,,채소류
196,(유)우창상회,가락시장,가락몰 판매동 청과부류 지하1층 A050호,02-403-5850,청과부류
197,초록촌(유),가락시장,가락몰 판매동 청과부류 지하1층 A052호,,채소류
198,(유)뉴승지농산,가락시장,가락몰 판매동 청과부류 지하1층 A054호,,채소류
199,(주)아진상회,가락시장,가락몰 판매동 청과부류 지하1층 A058호,,청과부류
200,(유)온누리농산,가락시장,가락몰 판매동 청과부류 지하1층 A062호,,청과부류
201,(유)성덕상회,가락시장,가락몰 판매동 청과부류 지하1층 A066호,,채소류
202,(유)정남식품,가락시장,가락몰 판매동 청과부류 지하1층 A070호,,채소류
203,(유)정남식품,가락시장,가락몰 판매동 청과부류 지하1층 A072호,,채소류
204,영광상회,가락시장,가락몰 판매동 청과부류 지하1층 A074호,,채소류
205,(유)푸른들유통,가락시장,가락몰 판매동 청과부류 지하1층 A076호,,채소류
206,(유)거래유통,가락시장,가락몰 판매동 청과부류 지하1층 A078호,,채소류
207,(주)주성식품,가락시장,가락몰 판매동 청과부류 지하1층 A080호,,채소류
208,(유)가락600번가,가락시장,가락몰 판매동 청과부류 지하1층 A082호,,청과부류
209,농업회사법인 (유)대명농산,가락시장,가락몰 판매동 청과부류 지하1층 A083호,,채소류
210,농업회사법인 (유)대명농산,가락시장,가락몰 판매동 청과부류 지하1층 A084호,,채소류
211,(주)소양농산,가락시장,가락몰 판매동 청과부류 지하1층 A086호,02-6978-0082,청과부류
212,(유)벽제푸드,가락시장,가락몰 판매동 청과부류 지하1층 A088호,,청과부류
213,(유)민준농산,가락시장,가락몰 판매동 청과부류 지하1층 A089호,02-3401-0755,채소류
214,명일상회,가락시장,가락몰 판매동 청과부류 지하1층 A092호,,나물류
215,현주상회　,가락시장,가락몰 판매동 청과부류 지하1층 A094호,02-6978-0882,채소류
216,(유)현아농산,가락시장,가락몰 판매동 청과부류 지하1층 A095호,070-8773-1625,청과부류
217,(유)충로농산,가락시장,가락몰 판매동 청과부류 지하1층 A096호,,채소류
218,(유)충로농산,가락시장,가락몰 판매동 청과부류 지하1층 A097호,,채소류
219,(유)현아농산,가락시장,가락몰 판매동 청과부류 지하1층 A099호,070-8773-1625,청과부류
220,금산상회,가락시장,가락몰 판매동 청과부류 지하1층 A102호,02-443-4036,채소류
221,(유)선진인삼,가락시장,가락몰 판매동 청과부류 지하1층 A106호,02-443-4036,채소류
222,농업회사법인 (유)대명농산,가락시장,가락몰 판매동 청과부류 지하1층 A110호,,채소류
223,(유)개나리유통,가락시장,가락몰 판매동 청과부류 지하1층 A112호,02-406-3042,채소류
224,(주)제이비푸드씨스템,가락시장,가락몰 판매동 청과부류 지하1층 A114호,02-6959-0112,채소류
225,(유)태성상회,가락시장,가락몰 판매동 청과부류 지하1층 A116호,,채소류
226,(유)혜연이네,가락시장,가락몰 판매동 청과부류 지하1층 A118호,,채소류
227,대상농산,가락시장,가락몰 판매동 청과부류 지하1층 A120호,02-6978-0007,채소류
228,(유)풍광유통,가락시장,가락몰 판매동 청과부류 지하1층 A122호,02-408-6582,채소류
229,광양상회,가락시장,가락몰 판매동 청과부류 지하1층 A123호,02-407-5823,나물류
230,(유)현아농산,가락시장,가락몰 판매동 청과부류 지하1층 A125호,070-8773-1625,청과부류
231,(유)솜기상회,가락시장,가락몰 판매동 청과부류 지하1층 A127호,,채소류
232,(유)솜기상회,가락시장,가락몰 판매동 청과부류 지하1층 A128호,,채소류
233,공룡파프리카(주),가락시장,가락몰 판매동 청과부류 지하1층 A129호,,청과부류
234,(유)태정그린유통,가락시장,가락몰 판매동 청과부류 지하1층 A165-1호,,청과부류
235,(유)싱싱채소그린팜,가락시장,가락몰 판매동 청과부류 지하1층 A170-1호,,채소류
236,(주)풍운유통,가락시장,가락몰 판매동 청과부류 지하1층 A171-1호,,청과부류
237,(주)풍운유통,가락시장,가락몰 판매동 청과부류 지하1층 A172-1호,,청과부류
238,(유)파파농산,가락시장,가락몰 판매동 청과부류 지하1층 A173-1호,,채소류
239,(유)파파농산,가락시장,가락몰 판매동 청과부류 지하1층 A176-1호,,채소류
240,(유)싱싱채소그린팜,가락시장,가락몰 판매동 청과부류 지하1층 A177-1호,,채소류
241,늘푸른상회,가락시장,가락몰 판매동 청과부류 지하1층 A131호,02-449-4457,채소류
242,(주)우주식품디씨오피,가락시장,가락몰 판매동 청과부류 지하1층 A133호,02-6287-0450,기타
243,(유)싱싱채소그린팜,가락시장,가락몰 판매동 청과부류 지하1층 A178-1호,,채소류
244,한내농산,가락시장,가락몰 판매동 청과부류 지하1층 A183-1호,,청과부류
245,(유)싱싱채소그린팜,가락시장,가락몰 판매동 청과부류 지하1층 A184호,,채소류
246,(유)싱싱채소그린팜,가락시장,가락몰 판매동 청과부류 지하1층 A184-2호,,채소류
247,용진농산,가락시장,가락몰 판매동 청과부류 지하1층 A190-1호,,청과부류
248,(주)충남그린,가락시장,가락몰 판매동 청과부류 지하1층 A191-1호,,청과부류
249,용진농산,가락시장,가락몰 판매동 청과부류 지하1층 A196-1호,,청과부류
250,신현상회,가락시장,가락몰 판매동 청과부류 지하1층 A197-1호,,청과부류
251,(유)그린팜플러스,가락시장,가락몰 판매동 청과부류 지하1층 A200-1호,,채소류
252,(유)그린팜플러스,가락시장,가락몰 판매동 청과부류 지하1층 A202-1호,,채소류
253,한내농산,가락시장,가락몰 판매동 청과부류 지하1층 A203-1호,,청과부류
254,(주)우주식품디씨오피,가락시장,가락몰 판매동 청과부류 지하1층 A143호,02-6287-0450,기타
255,서울포장,가락시장,가락몰 판매동 청과부류 지하1층 A144호,,채소류
256,(유)풍광유통,가락시장,가락몰 판매동 청과부류 지하1층 A146호,02-408-6582,채소류
257,(주)우주식품디씨오피,가락시장,가락몰 판매동 청과부류 지하1층 A147호,02-6287-0450,기타
258,(주)우주식품디씨오피,가락시장,가락몰 판매동 청과부류 지하1층 A148호,02-6287-0450,기타
259,(주)우주식품디씨오피,가락시장,가락몰 판매동 청과부류 지하1층 A149호,02-6287-0450,기타
260,(유)그린팜플러스,가락시장,가락몰 판매동 청과부류 지하1층 A204-1호,,채소류
261,한내농산,가락시장,가락몰 판매동 청과부류 지하1층 A205-1호,,청과부류
262,(주)가락봉투,가락시장,가락몰 판매동 청과부류 지하1층 A206-1호,02-449-1394,청과부류
263,(주)우주식품디씨오피,가락시장,가락몰 판매동 청과부류 지하1층 A150호,02-6287-0450,기타
264,(주)우주식품디씨오피,가락시장,가락몰 판매동 청과부류 지하1층 A151호,02-6287-0450,기타
265,(주)우주식품디씨오피,가락시장,가락몰 판매동 청과부류 지하1층 A152호,02-6287-0450,기타
266,(유)강동유통,가락시장,가락몰 판매동 청과부류 지하1층 A154호,02-3435-5775,채소류
267,단양상회,가락시장,가락몰 판매동 청과부류 지하1층 A155호,,나물류
268,단양상회,가락시장,가락몰 판매동 청과부류 지하1층 A156호,,나물류
269,(유)강호상회,가락시장,가락몰 판매동 청과부류 지하1층 A157호,,청과부류
270,(유)댓골두부,가락시장,가락몰 판매동 청과부류 지하1층 A160호,,채소류
271,조훈상회,가락시장,가락몰 판매동 청과부류 지하1층 A161호,02-404-3801,채소류
272,(유)파파농산,가락시장,가락몰 판매동 청과부류 지하1층 A162호,,채소류
273,(유)싱싱채소그린팜,가락시장,가락몰 판매동 청과부류 지하1층 A164호,,채소류
274,탐안유통,가락시장,가락몰 판매동 청과부류 지하1층 B001호,02-403-6243,채소류
275,(유)미라유통,가락시장,가락몰 판매동 청과부류 지하1층 B003호,,채소류
276,(유)고바식품,가락시장,가락몰 판매동 청과부류 지하1층 B005호,,청과부류
277,(유)현강에프에스,가락시장,가락몰 판매동 청과부류 지하1층 B009호,,채소류
278,(유)대양상회,가락시장,가락몰 판매동 청과부류 지하1층 B013호,,청과부류
279,(유)바움농원,가락시장,가락몰 판매동 청과부류 지하1층 B015호,,청과부류
280,(유)금광상회,가락시장,가락몰 판매동 청과부류 지하1층 B017호,,채소류
281,(유)신덕농산,가락시장,가락몰 판매동 청과부류 지하1층 B020호,,채소류
282,(유)청해식품,가락시장,가락몰 판매동 청과부류 지하1층 B025호,02-408-7175,채소류
283,혜경상회,가락시장,가락몰 판매동 청과부류 지하1층 B029호,02-402-4063,채소류
284,(유)참좋은농산,가락시장,가락몰 판매동 청과부류 지하1층 B031호,,채소류
285,(유)만순유통,가락시장,가락몰 판매동 청과부류 지하1층 B033호,,채소류
286,(주)풀잎사랑,가락시장,가락몰 판매동 청과부류 지하1층 B037호,02-401-6751,청과부류
287,(주)일용그린,가락시장,가락몰 판매동 청과부류 지하1층 B041호,02-406-3832,과일류
288,(유)보성상회,가락시장,가락몰 판매동 청과부류 지하1층 B047호,,채소류
289,(유)울타리,가락시장,가락몰 판매동 청과부류 지하1층 B049호,,채소류
290,(유)울타리,가락시장,가락몰 판매동 청과부류 지하1층 B051호,,채소류
291,(유)협동맛사랑식품,가락시장,가락몰 판매동 청과부류 지하1층 B053호,,채소류
292,(유)나물향기,가락시장,가락몰 판매동 청과부류 지하1층 B057호,,채소류
293,바나나유통,가락시장,가락몰 판매동 청과부류 지하1층 B065호,02-408-8761,과일류
294,(유)임호유통,가락시장,가락몰 판매동 청과부류 지하1층 B069호,02-408-8419,채소류
295,정훈상회,가락시장,가락몰 판매동 청과부류 지하1층 B073호,02-406-6409,과일류
296,(유)춘홍농산,가락시장,가락몰 판매동 청과부류 지하1층 B077호,02-409-0966,채소류
297,(유)유남유통,가락시장,가락몰 판매동 청과부류 지하1층 B081호,02-407-9900,채소류
298,뚱순이상회,가락시장,가락몰 판매동 청과부류 지하1층 B084호,02-403-0390,과일류
299,유한회사 춘홍유통,가락시장,가락몰 판매동 청과부류 지하1층 B085호,,청과부류
300,(주)청수상회,가락시장,가락몰 판매동 청과부류 지하1층 B086호,,과일류
301,(유)언제나농산,가락시장,가락몰 판매동 청과부류 지하1층 B089호,02-407-3616,채소류
302,(유)토박이유통,가락시장,가락몰 판매동 청과부류 지하1층 B091호,02-430-0234,채소류
303,(유)황포상회,가락시장,가락몰 판매동 청과부류 지하1층 B092호,,청과부류
304,(유)여주농산,가락시장,가락몰 판매동 청과부류 지하1층 B093호,02-430-8314,채소류
305,(주)회진유통,가락시장,가락몰 판매동 청과부류 지하1층 B094호,,청과부류
306,(유)주은농산,가락시장,가락몰 판매동 청과부류 지하1층 B095호,080-577-8888,채소류
307,(유)정금유통,가락시장,가락몰 판매동 청과부류 지하1층 B096호,,채소류
308,샘골농장,가락시장,가락몰 판매동 청과부류 지하1층 B097호,02-6978-0011,채소류
309,(유)온리프레시,가락시장,가락몰 판매동 청과부류 지하1층 B098호,,채소류
310,(유)용문농산,가락시장,가락몰 판매동 청과부류 지하1층 B099호,02-408-2147,채소류
311,남정상회,가락시장,가락몰 판매동 청과부류 지하1층 B100호,02-408-2147,채소류
312,순천상회,가락시장,가락몰 판매동 청과부류 지하1층 B101호,02-408-3426,채소류
313,순천상회,가락시장,가락몰 판매동 청과부류 지하1층 B102호,02-408-3426,채소류
314,남호상회,가락시장,가락몰 판매동 청과부류 지하1층 B103호,02-402-2522,채소류
315,선인상회,가락시장,가락몰 판매동 청과부류 지하1층 B104호,02-448-3312,채소류
316,(유)행운상회,가락시장,가락몰 판매동 청과부류 지하1층 B105호,,채소류
317,(유)문영농산,가락시장,가락몰 판매동 청과부류 지하1층 B106호,,채소류
318,유한회사 춘홍유통,가락시장,가락몰 판매동 청과부류 지하1층 B107호,,청과부류
319,(주)이모유통,가락시장,가락몰 판매동 청과부류 지하1층 B108호,02-409-5980,과일류
320,(유)토박이유통,가락시장,가락몰 판매동 청과부류 지하1층 B109호,02-430-0234,채소류
321,(유)춘홍농산,가락시장,가락몰 판매동 청과부류 지하1층 B110호,02-409-0966,채소류
322,은주상회,가락시장,가락몰 판매동 청과부류 지하1층 B111호,,청과부류
323,(유)병현농산,가락시장,가락몰 판매동 청과부류 지하1층 C001호,02-430-2952,채소류
324,새벽농산,가락시장,가락몰 판매동 청과부류 지하1층 C004호,,청과부류
325,(유)장수농산,가락시장,가락몰 판매동 청과부류 지하1층 C005호,02-400-3662,채소류
326,새벽농산,가락시장,가락몰 판매동 청과부류 지하1층 C008호,,청과부류
327,(유)영민상회,가락시장,가락몰 판매동 청과부류 지하1층 C009호,,채소류
328,(유)영민상회,가락시장,가락몰 판매동 청과부류 지하1층 C010호,,채소류
329,(유)샬롬농산,가락시장,가락몰 판매동 청과부류 지하1층 C013호,,채소류
330,(유)은하상회,가락시장,가락몰 판매동 청과부류 지하1층 C015호,02-449-1190,채소류
331,유신상회,가락시장,가락몰 판매동 청과부류 지하1층 C017호,02-409-1892,채소류
332,정헌상회,가락시장,가락몰 판매동 청과부류 지하1층 C020호,02-449-0690,채소류
333,대덕상회,가락시장,가락몰 판매동 청과부류 지하1층 C021호,02-401-1889,채소류
334,(유)채은상회,가락시장,가락몰 판매동 청과부류 지하1층 C022호,,채소류
335,진주상회,가락시장,가락몰 판매동 청과부류 지하1층 C025호,02-408-1397,채소류
336,(주)대건농산,가락시장,가락몰 판매동 청과부류 지하1층 C026호,,채소류
337,로얄식품,가락시장,가락몰 판매동 청과부류 지하1층 C029호,02-407-0564,나물류
338,남양상회,가락시장,가락몰 판매동 청과부류 지하1층 C030호,,나물류
339,로얄식품,가락시장,가락몰 판매동 청과부류 지하1층 C031호,02-407-0564,나물류
340,(유)박피농산,가락시장,가락몰 판매동 청과부류 지하1층 C034호,,채소류
341,(유)정가에프에스,가락시장,가락몰 판매동 청과부류 지하1층 C036호,,채소류
342,현진상회,가락시장,가락몰 판매동 청과부류 지하1층 C038호,02-404-0396,청과부류
343,현진상회,가락시장,가락몰 판매동 청과부류 지하1층 C039-1호,02-404-0396,청과부류
344,(유)우팬트리,가락시장,가락몰 판매동 청과부류 지하1층 C041호,,청과부류
345,(유)정화푸드,가락시장,가락몰 판매동 청과부류 지하1층 C042호,,채소류
346,(유)수연상회,가락시장,가락몰 판매동 청과부류 지하1층 C044호,,청과부류
347,(유)우팬트리,가락시장,가락몰 판매동 청과부류 지하1층 C045호,,청과부류
348,(유)양파농산,가락시장,가락몰 판매동 청과부류 지하1층 C046호,,채소류
349,(유)미강유통,가락시장,가락몰 판매동 청과부류 지하1층 C048호,02-6978-0919,채소류
350,(유)정길유통,가락시장,가락몰 판매동 청과부류 지하1층 C051호,,채소류
351,(유)건영크린푸드,가락시장,가락몰 판매동 청과부류 지하1층 C052호,,청과부류
352,(유)덕훈농산,가락시장,가락몰 판매동 청과부류 지하1층 C055호,,채소류
353,(유)범한유통,가락시장,가락몰 판매동 청과부류 지하1층 C056호,,채소류
354,(유)서태전농산,가락시장,가락몰 판매동 청과부류 지하1층 C057호,02-443-4533,채소류
355,(유)범한유통,가락시장,가락몰 판매동 청과부류 지하1층 C057-2호,,채소류
356,충제상회,가락시장,가락몰 판매동 청과부류 지하1층 C063호,,기타
357,(주)릴리애플,가락시장,가락몰 판매동 청과부류 지하1층 C066호,,과일류
358,(유)두부사랑,가락시장,가락몰 판매동 청과부류 지하1층 C069호,,청과부류
359,(유)동국청과,가락시장,가락몰 판매동 청과부류 지하1층 C071호,02-408-5741,청과부류
360,담양상회,가락시장,가락몰 판매동 청과부류 지하1층 C073호,,과일류
361,가락상회,가락시장,가락몰 판매동 청과부류 지하1층 C074호,02-408-5741,과일류
362,(유)정민상회,가락시장,가락몰 판매동 청과부류 지하1층 C076호,,청과부류
363,(유)다담농산,가락시장,가락몰 판매동 청과부류 지하1층 C078호,02-409-0946,채소류
364,강진상회,가락시장,가락몰 판매동 청과부류 지하1층 C081호,02-406-5383,과일류
365,(유)그레이스홈,가락시장,가락몰 판매동 청과부류 지하1층 C083호,,채소류
366,(유)이현유통,가락시장,가락몰 판매동 청과부류 지하1층 C085호,,채소류
367,대광상회,가락시장,가락몰 판매동 청과부류 지하1층 C087호,02-402-3186,청과부류
368,(유)가야웰빙농산,가락시장,가락몰 판매동 청과부류 지하1층 C090호,,채소류
369,대광상회,가락시장,가락몰 판매동 청과부류 지하1층 C091호,02-402-3186,청과부류
370,춘천상회,가락시장,가락몰 판매동 청과부류 지하1층 C093호,,채소류
371,(유)경북상회,가락시장,가락몰 판매동 청과부류 지하1층 C095호,,청과부류
372,(유)로즈마리향기,가락시장,가락몰 판매동 청과부류 지하1층 C097호,,채소류
373,(유)이투유통,가락시장,가락몰 판매동 청과부류 지하1층 C099호,02-407-4826,채소류
374,럭키봉투,가락시장,가락몰 판매동 청과부류 지하1층 C101호,02-404-2319,채소류
375,(주)화선상회,가락시장,가락몰 판매동 청과부류 지하1층 C103호,,청과부류
376,(유)꽈리상회,가락시장,가락몰 판매동 청과부류 지하1층 C105호,,채소류
377,(유)수리농산,가락시장,가락몰 판매동 청과부류 지하1층 C107호,02-400-4561,채소류
378,(유)수리농산,가락시장,가락몰 판매동 청과부류 지하1층 C107-2호,02-400-4561,채소류
379,(유)문기농산,가락시장,가락몰 판매동 청과부류 지하1층 C122-1호,,채소류
380,잉꼬상회,가락시장,가락몰 판매동 청과부류 지하1층 C110호,02-407-7403,과일류
381,백제상회,가락시장,가락몰 판매동 청과부류 지하1층 C113호,02-408-3904,과일류
382,(유)딸기네유통,가락시장,가락몰 판매동 청과부류 지하1층 C116호,02-408-9967,과일류
383,(유)도현유통,가락시장,가락몰 판매동 청과부류 지하1층 C119호,,채소류
384,(유)문기농산,가락시장,가락몰 판매동 청과부류 지하1층 C121호,,채소류
385,(유)이유푸드,가락시장,가락몰 판매동 청과부류 지하1층 C123호,,청과부류
386,(유)이유푸드,가락시장,가락몰 판매동 청과부류 지하1층 C123-2호,,청과부류
387,(유)풍년상회,가락시장,가락몰 판매동 청과부류 지하1층 C125호,02-443-6763,과일류
388,(유)규진농산,가락시장,가락몰 판매동 청과부류 지하1층 C128호,,채소류
389,(유)공담야채,가락시장,가락몰 판매동 청과부류 지하1층 C154-1호,02-448-5705,채소류
390,(유)공담야채,가락시장,가락몰 판매동 청과부류 지하1층 C155-1호,02-448-5705,채소류
391,(유)영태농산,가락시장,가락몰 판매동 청과부류 지하1층 C158-2호,,청과부류
392,(유)영태농산,가락시장,가락몰 판매동 청과부류 지하1층 C159-1호,,청과부류
393,(유)하나둘청과,가락시장,가락몰 판매동 청과부류 지하1층 C159-2호,,채소류
394,(유)하나둘청과,가락시장,가락몰 판매동 청과부류 지하1층 C160-1호,,채소류
395,(유)하나둘청과,가락시장,가락몰 판매동 청과부류 지하1층 C160-2호,,채소류
396,수연상회,가락시장,가락몰 판매동 청과부류 지하1층 C161-2호,02-409-7363,채소류
397,(유)두이팜유통,가락시장,가락몰 판매동 청과부류 지하1층 C162-1호,,채소류
398,(유)두이팜유통,가락시장,가락몰 판매동 청과부류 지하1층 C163호,,채소류
399,광명상회,가락시장,가락몰 판매동 청과부류 지하1층 C130호,02-407-9323,채소류
400,충만상회,가락시장,가락몰 판매동 청과부류 지하1층 C131호,02-449-3954,채소류
401,오순상회,가락시장,가락몰 판매동 청과부류 지하1층 C132호,02-406-6175,청과부류
402,(유)맛동유통,가락시장,가락몰 판매동 청과부류 지하1층 C133호,,채소류
403,(유)이유푸드,가락시장,가락몰 판매동 청과부류 지하1층 C135호,,청과부류
404,남창농산물유통(주),가락시장,가락몰 판매동 청과부류 지하1층 C136호,,채소류
405,대성유통,가락시장,가락몰 판매동 청과부류 지하1층 C138호,,청과부류
406,(유)평화농산유통,가락시장,가락몰 판매동 청과부류 지하1층 C139호,,청과부류
407,(유)평화식품,가락시장,가락몰 판매동 청과부류 지하1층 C141호,,채소류
408,(유)평화식품,가락시장,가락몰 판매동 청과부류 지하1층 C142호,,채소류
409,금호상회,가락시장,가락몰 판매동 청과부류 지하1층 C143호,02-448-9152,채소류
410,(유)현민유통,가락시장,가락몰 판매동 청과부류 지하1층 C144호,,채소류
411,(유)도현식품,가락시장,가락몰 판매동 청과부류 지하1층 C145호,,채소류
412,(주)한양농산,가락시장,가락몰 판매동 청과부류 지하1층 C147호,,청과부류
413,백두산상회,가락시장,가락몰 판매동 청과부류 지하1층 C148호,02-408-7047,과일류
414,유한회사 춘홍유통,가락시장,가락몰 판매동 청과부류 지하1층 C150호,,청과부류
415,세원상회,가락시장,가락몰 판매동 청과부류 지하1층 C151호,02-403-1732,채소류
416,오순상회,가락시장,가락몰 판매동 청과부류 지하1층 C152호,02-406-6175,청과부류
417,(유)공담야채,가락시장,가락몰 판매동 청과부류 지하1층 C153호,02-448-5705,채소류
418,(주)충남그린,가락시장,가락몰 판매동 청과부류 지하1층 C156호,,청과부류
419,(유)영태농산,가락시장,가락몰 판매동 청과부류 지하1층 C158호,,청과부류
420,(유)남산에프엔지,가락시장,가락몰 판매동 청과부류 지하1층 C164호,02-431-7763,채소류
421,춘천상회,가락시장,가락몰 판매동 청과부류 지하1층 C165호,,채소류
422,(유)두부사랑,가락시장,가락몰 판매동 청과부류 지하1층 C167호,,청과부류
423,삼호농산,가락시장,가락몰 판매동 청과부류 지하1층 C168호,,청과부류
424,(유)영선상회,가락시장,가락몰 판매동 청과부류 지하1층 C170호,,청과부류
425,(유)영선상회,가락시장,가락몰 판매동 청과부류 지하1층 C171호,,청과부류
426,정읍상회,가락시장,가락몰 판매동 청과부류 지하1층 C172호,,채소류
427,(주)인성케터링,가락시장,가락몰 판매동 청과부류 지하1층 C173호,,청과부류
428,부일상회,가락시장,가락몰 판매동 청과부류 지하1층 C175호,02-408-7571,과일류
429,(유)명품법인,가락시장,가락몰 판매동 청과부류 지하1층 C177호,,채소류
430,(유)이유푸드,가락시장,가락몰 판매동 청과부류 지하1층 C179호,,청과부류
431,(유)완도유통,가락시장,가락몰 판매동 청과부류 지하1층 C180호,,채소류
432,(유)완도유통,가락시장,가락몰 판매동 청과부류 지하1층 C181호,,채소류
433,(유)완도유통,가락시장,가락몰 판매동 청과부류 지하1층 C182호,,채소류
434,신토상회,가락시장,가락몰 판매동 청과부류 지하1층 C183호,02-408-2657,청과부류
435,신토상회,가락시장,가락몰 판매동 청과부류 지하1층 C184호,02-408-2657,청과부류
436,털보상회,가락시장,가락몰 판매동 청과부류 지하1층 C185호,,채소류
437,털보상회,가락시장,가락몰 판매동 청과부류 지하1층 C186호,,채소류
438,은주상회,가락시장,가락몰 판매동 청과부류 지하1층 C188호,,청과부류
439,(유)인옥농산,가락시장,가락몰 판매동 청과부류 지하1층 C189호,02-448-0225,채소류
440,(유)상일유통,가락시장,가락몰 판매동 청과부류 지하1층 C190호,02-408-2529,과일류
441,경안식품,가락시장,가락몰 판매동 청과부류 지하1층 C190-2호,02-406-2391,채소류
442,(유)신성유통,가락시장,가락몰 판매동 청과부류 지하1층 C190-3호,02-6978-0333,채소류
443,경안식품,가락시장,가락몰 판매동 청과부류 지하1층 C195호,02-406-2391,채소류
444,(유)뉴현대상회,가락시장,가락몰 판매동 청과부류 지하1층 C196호,,채소류
445,(유)현강에프에스,가락시장,가락몰 판매동 청과부류 지하1층 C199호,,채소류
446,(유)준석농산,가락시장,가락몰 판매동 청과부류 지하1층 C201호,,청과부류
447,(유)강진농산,가락시장,가락몰 판매동 청과부류 지하1층 D001호,,채소류
448,(주)이모유통,가락시장,가락몰 판매동 청과부류 지하1층 D003호,02-409-5980,과일류
449,(유)토박이유통,가락시장,가락몰 판매동 청과부류 지하1층 D005호,02-430-0234,채소류
450,(유)철용상회,가락시장,가락몰 판매동 청과부류 지하1층 D006호,02-449-3062,채소류
451,(유)오대주상회,가락시장,가락몰 판매동 청과부류 지하1층 D008호,,과일류
452,(유)주영농산,가락시장,가락몰 판매동 청과부류 지하1층 D010호,,채소류
453,(유)봉필상회,가락시장,가락몰 판매동 청과부류 지하1층 D014호,,채소류
454,(유)고창상회,가락시장,가락몰 판매동 청과부류 지하1층 D016호,02-403-9344,청과부류
455,(유)진희농산,가락시장,가락몰 판매동 청과부류 지하1층 D017호,,채소류
456,(유)스마일상회,가락시장,가락몰 판매동 청과부류 지하1층 D018호,,채소류
457,(주)이모유통,가락시장,가락몰 판매동 청과부류 지하1층 D022호,02-409-5980,과일류
458,(유)서울팜,가락시장,가락몰 판매동 청과부류 지하1층 D024호,02-448-7351,채소류
459,진형상회,가락시장,가락몰 판매동 청과부류 지하1층 D026호,,청과부류
460,(유)서울허브팜,가락시장,가락몰 판매동 청과부류 지하1층 D030호,,채소류
461,(유)또와,가락시장,가락몰 판매동 청과부류 지하1층 D034호,,채소류
462,(유)안동상회,가락시장,가락몰 판매동 청과부류 지하1층 D037호,,채소류
463,(주)신현유통,가락시장,가락몰 판매동 청과부류 지하1층 D038호,,청과부류
464,(유)안동상회,가락시장,가락몰 판매동 청과부류 지하1층 D041호,,채소류
465,(주)성찬푸드,가락시장,가락몰 판매동 청과부류 지하1층 D042호,,청과부류
466,남일상회,가락시장,가락몰 판매동 청과부류 지하1층 D045호,02-430-6061,채소류
467,(유)싱싱농장에프앤디,가락시장,가락몰 판매동 청과부류 지하1층 D046호,02-408-6542,청과부류
468,(유)싱싱농장에프앤디,가락시장,가락몰 판매동 청과부류 지하1층 D048호,02-408-6542,청과부류
469,(유)싱싱농장푸드,가락시장,가락몰 판매동 청과부류 지하1층 D049호,02-404-6906,채소류
470,(유)신선농산,가락시장,가락몰 판매동 청과부류 지하1층 D050호,,청과부류
471,(유)우정청과,가락시장,가락몰 판매동 청과부류 지하1층 D051호,,채소류
472,(유)스마일상회,가락시장,가락몰 판매동 청과부류 지하1층 D052호,,채소류
473,(유)스마일상회,가락시장,가락몰 판매동 청과부류 지하1층 D053호,,채소류
474,(유)가락시장농산,가락시장,가락몰 판매동 청과부류 지하1층 D054호,,채소류
475,(유)보송농산,가락시장,가락몰 판매동 청과부류 지하1층 D059호,02-448-7354,채소류
476,(유)프름농산,가락시장,가락몰 판매동 청과부류 지하1층 D066호,02-417-0107,채소류
477,(유)농우식품,가락시장,가락몰 판매동 청과부류 지하1층 D070호,02-413-2735,채소류
478,(유)호연푸드,가락시장,가락몰 판매동 청과부류 지하1층 D072호,,채소류
479,(유)명성상회,가락시장,가락몰 판매동 청과부류 지하1층 D074호,,청과부류
480,용진상회,가락시장,가락몰 판매동 청과부류 지하1층 D076호,02-431-7313,채소류
481,성원상회,가락시장,가락몰 판매동 청과부류 지하1층 D078호,,채소류
482,목포상회,가락시장,가락몰 판매동 청과부류 지하1층 D080호,02-407-2964,과일류
483,(유)벌교유통,가락시장,가락몰 판매동 청과부류 지하1층 D082호,,청과부류
484,(유)본중앙상회,가락시장,가락몰 판매동 청과부류 지하1층 D084호,,청과부류
485,남영상회,가락시장,가락몰 판매동 청과부류 지하1층 D086호,02-404-7486,채소류
486,(유)해민농산,가락시장,가락몰 판매동 청과부류 지하1층 D087호,,채소류
487,(유)우정에스케이와이,가락시장,가락몰 판매동 청과부류 지하1층 D088호,070-8236-2894,채소류
488,영안상회,가락시장,가락몰 판매동 청과부류 지하1층 D089호,02-449-5704,채소류
489,(유)봄가을유통,가락시장,가락몰 판매동 청과부류 지하1층 D090호,02-406-3453,채소류
490,덕진상회,가락시장,가락몰 판매동 청과부류 지하1층 D094호,,채소류
491,(유)현준팜,가락시장,가락몰 판매동 청과부류 지하1층 D096호,,채소류
492,(유)참미유통,가락시장,가락몰 판매동 청과부류 지하1층 D098호,02-400-2087,채소류
493,(유)태환상사,가락시장,가락몰 판매동 청과부류 지하1층 D103호,,채소류
494,종로상회,가락시장,가락몰 판매동 청과부류 지하1층 D106호,02-403-6145,채소류
495,(주)제일푸드빌,가락시장,가락몰 판매동 청과부류 지하1층 D108호,,청과부류
496,(유)토리농산,가락시장,가락몰 판매동 청과부류 지하1층 D111호,,청과부류
497,(유)복정농산,가락시장,가락몰 판매동 청과부류 지하1층 D113호,,채소류
498,(유)경원농산,가락시장,가락몰 판매동 청과부류 지하1층 D114호,,청과부류
499,친절한채소씨,가락시장,가락몰 판매동 청과부류 지하1층 D116호,,채소류
500,(유)제일플러스원,가락시장,가락몰 판매동 청과부류 지하1층 D118호,02-406-3645,채소류
501,(유)각암농산,가락시장,가락몰 판매동 청과부류 지하1층 D120호,,채소류
502,(유)정가네농산,가락시장,가락몰 판매동 청과부류 지하1층 D122호,02-406-6549,채소류
503,대주건해,가락시장,가락몰 판매동 청과부류 지하1층 D123호,,기타채소
504,(유)옥계유통,가락시장,가락몰 판매동 청과부류 지하1층 D125호,,채소류
505,(유)정연농산,가락시장,가락몰 판매동 청과부류 지하1층 D126호,,채소류
506,(유)풍진유통,가락시장,가락몰 판매동 청과부류 지하1층 D128호,,채소류
507,(유)세연농산,가락시장,가락몰 판매동 청과부류 지하1층 D130호,02-408-4252,채소류
508,(유)세연농산,가락시장,가락몰 판매동 청과부류 지하1층 D132호,02-408-4252,채소류
509,(유)미자네야채,가락시장,가락몰 판매동 청과부류 지하1층 D133호,,청과부류
510,다성유통,가락시장,가락몰 판매동 청과부류 지하1층 D135호,02-407-5854,청과부류
511,다성유통,가락시장,가락몰 판매동 청과부류 지하1층 D138호,02-407-5854,청과부류
512,(유)라임상회,가락시장,가락몰 판매동 청과부류 지하1층 D139호,02-3401-0952,채소류
513,(유)은혜상회,가락시장,가락몰 판매동 청과부류 지하1층 D139-2호,,채소류
514,(유)은혜상회,가락시장,가락몰 판매동 청과부류 지하1층 D140호,,채소류
515,제암상회,가락시장,가락몰 판매동 청과부류 지하1층 D141호,02-401-4955,채소류
516,(주)나이스농장,가락시장,가락몰 판매동 청과부류 지하1층 D142호,,청과부류
517,(유)남면농산,가락시장,가락몰 판매동 청과부류 지하1층 E001호,,채소류
518,(유)청원푸드,가락시장,가락몰 판매동 청과부류 지하1층 E002호,,채소류
519,허브다섯메,가락시장,가락몰 판매동 청과부류 지하1층 E003호,02-6978-0111,채소류
520,허브다섯메,가락시장,가락몰 판매동 청과부류 지하1층 E004호,02-6978-0111,채소류
521,정우상사,가락시장,가락몰 판매동 청과부류 지하1층 E005호,02-6419-2365,채소류
522,고산상회,가락시장,가락몰 판매동 청과부류 지하1층 E006호,02-400-3775,청과부류
523,(유)영주농산,가락시장,가락몰 판매동 청과부류 지하1층 E007호,02-449-0726,채소류
524,(주)병아리유통,가락시장,가락몰 판매동 청과부류 지하1층 E008호,02-430-8534,나물류
525,(유)병오유통,가락시장,가락몰 판매동 청과부류 지하1층 E009호,,채소류
526,(유)에스케이유통,가락시장,가락몰 판매동 청과부류 지하1층 E010호,,채소류
527,(유)우리맛좋은유통,가락시장,가락몰 판매동 청과부류 지하1층 E011호,,채소류
528,(유)뉴현대상회,가락시장,가락몰 판매동 청과부류 지하1층 E012호,,채소류
529,(유)준석농산,가락시장,가락몰 판매동 청과부류 지하1층 E013호,,청과부류
530,(유)석칠농산,가락시장,가락몰 판매동 청과부류 지하1층 E014호,,채소류
531,(유)석칠농산,가락시장,가락몰 판매동 청과부류 지하1층 E015호,,채소류
532,(유)도리식품,가락시장,가락몰 판매동 청과부류 지하1층 E016호,,청과부류
533,(유)해솔농산,가락시장,가락몰 판매동 청과부류 지하1층 E017호,02-404-5284,채소류
534,(유)남산,가락시장,가락몰 판매동 청과부류 지하1층 E018호,,채소류
535,(유)속리산유통,가락시장,가락몰 판매동 청과부류 지하1층 E019호,02-400-6834,채소류
536,(유)삼팔선,가락시장,가락몰 판매동 청과부류 지하1층 E022호,,채소류
537,예산상회,가락시장,가락몰 판매동 청과부류 지하1층 E023호,02-400-2028,청과부류
538,(유)밀양농산,가락시장,가락몰 판매동 청과부류 지하1층 E024호,,채소류
539,(유)윤신농산,가락시장,가락몰 판매동 청과부류 지하1층 E025호,,청과부류
540,홍성상회,가락시장,가락몰 판매동 청과부류 지하1층 E027호,02-409-8347,채소류
541,(유)푸드타임,가락시장,가락몰 판매동 청과부류 지하1층 E028호,,채소류
542,털보상회,가락시장,가락몰 판매동 청과부류 지하1층 E029호,,채소류
543,(유)윤실상회,가락시장,가락몰 판매동 청과부류 지하1층 E030호,,청과부류
544,(유)윤실상회,가락시장,가락몰 판매동 청과부류 지하1층 E031호,,청과부류
545,(유)윤실상회,가락시장,가락몰 판매동 청과부류 지하1층 E031-2호,,청과부류
546,(유)윤실상회,가락시장,가락몰 판매동 청과부류 지하1층 E033호,,청과부류
547,(유)백암유통,가락시장,가락몰 판매동 청과부류 지하1층 E035호,,채소류
548,(유)백암유통,가락시장,가락몰 판매동 청과부류 지하1층 E036호,,채소류
549,(유)투게더푸드,가락시장,가락몰 판매동 청과부류 지하1층 E036-2호,02-431-5566,채소류
550,(유)가락식품마트,가락시장,가락몰 판매동 청과부류 지하1층 F001호,02-6978-2989,기타채소
551,(유)가락식품마트,가락시장,가락몰 판매동 청과부류 지하1층 F003호,02-6978-2989,기타채소
552,(유)오복상회,가락시장,가락몰 판매동 청과부류 지하1층 F010호,02-407-7736,채소류
553,산야식품,가락시장,가락몰 판매동 청과부류 지하1층 F013호,02-406-5562,나물류
554,(유)늘봄상회,가락시장,가락몰 판매동 청과부류 지하1층 F014호,,채소류
555,만물상회,가락시장,가락몰 판매동 청과부류 지하1층 F017호,02-407-2975,채소류
556,(유)미리내푸드,가락시장,가락몰 판매동 청과부류 지하1층 F018호,02-402-5559,채소류
557,(유)이노농산,가락시장,가락몰 판매동 청과부류 지하1층 F021호,,청과부류
558,(유)신대농유통,가락시장,가락몰 판매동 청과부류 지하1층 F024호,,채소류
559,(유)산들농산,가락시장,가락몰 판매동 청과부류 지하1층 F025호,,채소류
560,(유)평창양계,가락시장,가락몰 판매동 청과부류 지하1층 F030호,,청과부류
561,삼오사,가락시장,가락몰 판매동 청과부류 지하1층 F031호,02-408-6354,채소류
562,(유)호남상회,가락시장,가락몰 판매동 청과부류 지하1층 F033호,,채소류
563,세도상회,가락시장,가락몰 판매동 청과부류 지하1층 F036호,02-408-7367,채소류
564,(유)영린식품,가락시장,가락몰 판매동 청과부류 지하1층 F037호,02-3401-1463,채소류
565,21세기상회,가락시장,가락몰 판매동 청과부류 지하1층 F040호,02-6418-5607,청과부류
566,(유)석진농산,가락시장,가락몰 판매동 청과부류 지하1층 F041호,,채소류
567,(유)선자에프에스,가락시장,가락몰 판매동 청과부류 지하1층 F043호,,청과부류
568,(유)덕신농산,가락시장,가락몰 판매동 청과부류 지하1층 F045호,,채소류
569,(주)가락봉투,가락시장,가락몰 판매동 청과부류 지하1층 F049호,02-449-1394,청과부류
570,(유)한백농산,가락시장,가락몰 판매동 청과부류 지하1층 F053호,,채소류
571,(유)중앙상회,가락시장,가락몰 판매동 청과부류 지하1층 F061호,02-406-4748,채소류
572,천안상회,가락시장,가락몰 판매동 청과부류 지하1층 F064호,,채소류
573,대일상회,가락시장,가락몰 판매동 청과부류 지하1층 F065호,02-400-6563,나물류
574,천안상회,가락시장,가락몰 판매동 청과부류 지하1층 F068호,02-404-0665,채소류
575,고창상회,가락시장,가락몰 판매동 청과부류 지하1층 F070호,02-431-1569,채소류
576,(유)찬들농산,가락시장,가락몰 판매동 청과부류 지하1층 F071호,,채소류
577,(유)선자에프에스,가락시장,가락몰 판매동 청과부류 지하1층 F072호,,청과부류
578,웃어봐요실로암,가락시장,가락몰 판매동 청과부류 지하1층 F073호,02-443-5037,청과부류
579,(유)산더미유통,가락시장,가락몰 판매동 청과부류 지하1층 F074호,,채소류
580,(유)영평상회,가락시장,가락몰 판매동 청과부류 지하1층 F075-1호,,채소류
581,(유)영평상회,가락시장,가락몰 판매동 청과부류 지하1층 F075-2호,,채소류
582,(유)영천농산,가락시장,가락몰 판매동 청과부류 지하1층 F076호,,채소류
583,(유)승미농산,가락시장,가락몰 판매동 청과부류 지하1층 F077호,,채소류
584,호남상회,가락시장,가락몰 판매동 청과부류 지하1층 F078호,02-407-8736,채소류
585,(유)만나유통,가락시장,가락몰 판매동 청과부류 지하1층 F080호,,채소류
586,(유)고부연근,가락시장,가락몰 판매동 청과부류 지하1층 F081호,,청과부류
587,전주상회　　,가락시장,가락몰 판매동 청과부류 지하1층 F082호,02-449-7264,채소류
588,(유)고산농산,가락시장,가락몰 판매동 청과부류 지하1층 F082-2호,,채소류
589,(유)부부유통,가락시장,가락몰 판매동 청과부류 지하1층 F083호,,채소류
590,(유)진경농산,가락시장,가락몰 판매동 청과부류 지하1층 F084호,,채소류
591,(유)진경농산,가락시장,가락몰 판매동 청과부류 지하1층 F085-1호,,채소류
592,(유)탑월드대파유통,가락시장,가락몰 판매동 청과부류 지하1층 F085-2호,,채소류
593,(유)대호종합식품,가락시장,가락몰 판매동 청과부류 지하1층 F086호,02-402-7777,기타채소
594,(유)치우농산,가락시장,가락몰 판매동 청과부류 지하1층 F087호,,채소류
595,(주)가락봉투,가락시장,가락몰 판매동 청과부류 지하1층 F088호,02-449-1394,청과부류
596,(유)한들유통,가락시장,가락몰 판매동 청과부류 지하1층 F090호,,청과부류
597,(유)참미유통,가락시장,가락몰 판매동 청과부류 지하1층 F092호,02-400-2087,채소류
598,(유)찬찬푸드,가락시장,가락몰 판매동 청과부류 지하1층 F093호,,채소류
599,(주)양주식품,가락시장,가락몰 판매동 청과부류 지하1층 F094호,02-400-6144,청과부류
600,(주)써브동남,가락시장,가락몰 판매동 청과부류 지하1층 F095호,02-406-9967,청과부류
601,하늘농산,가락시장,가락몰 판매동 청과부류 지하1층 F096호,,채소류
602,삼영상회,가락시장,가락몰 판매동 청과부류 지하1층 F097호,02-406-6321,채소류
603,(유)빛나는유통,가락시장,가락몰 판매동 청과부류 지하1층 F098호,,채소류
604,파란잎(주),가락시장,가락몰 판매동 청과부류 지하1층 F099호,,청과부류
605,(유)재득농산,가락시장,가락몰 판매동 청과부류 지하1층 F100호,,채소류
606,(유)풀내음유통,가락시장,가락몰 판매동 청과부류 지하1층 F101호,,채소류
607,전남상회,가락시장,가락몰 판매동 청과부류 지하1층 F102호,,채소류
608,(유)푸드타임,가락시장,가락몰 판매동 청과부류 지하1층 F103호,,채소류
609,명진상회,가락시장,가락몰 판매동 청과부류 지하1층 F104호,02-400-7420,채소류
610,정읍상회,가락시장,가락몰 판매동 청과부류 지하1층 F105호,02-409-0389,채소류
611,(유)승미농산,가락시장,가락몰 판매동 청과부류 지하1층 F106호,,채소류
612,(유)서경상회,가락시장,가락몰 판매동 청과부류 지하1층 F108호,,청과부류
613,(유)만나팜,가락시장,가락몰 판매동 청과부류 지하1층 F109호,,청과부류
614,(유)희망상회,가락시장,가락몰 판매동 청과부류 지하1층 F112-2호,,청과부류
615,(유)이팔팔상회,가락시장,가락몰 판매동 청과부류 지하1층 F110호,,청과부류
616,(유)희망상회,가락시장,가락몰 판매동 청과부류 지하1층 F111호,,청과부류
617,(유)희망상회,가락시장,가락몰 판매동 청과부류 지하1층 F112호,,청과부류
618,(유)익산상회,가락시장,가락몰 판매동 청과부류 지하1층 F113호,,청과부류
619,매일상회,가락시장,가락몰 판매동 청과부류 지하1층 F114호,02-408-0252,채소류
620,(유)고원농산,가락시장,가락몰 판매동 청과부류 지하1층 F115호,,채소류
621,(유)고원농산,가락시장,가락몰 판매동 청과부류 지하1층 F117호,,채소류
622,(주)가락봉투,가락시장,가락몰 판매동 청과부류 지하1층 F119호,02-449-1394,청과부류
623,(유)석주농산,가락시장,가락몰 판매동 청과부류 지하1층 F120호,02-448-4210,채소류
624,(유)흥부상회,가락시장,가락몰 판매동 청과부류 지하1층 F122호,02-449-1609,청과부류
625,대명상회,가락시장,가락몰 판매동 청과부류 지하1층 F125호,02-448-0994,채소류
626,(유)윤신상회,가락시장,가락몰 판매동 청과부류 지하1층 F128호,,청과부류
627,(유)윤신상회,가락시장,가락몰 판매동 청과부류 지하1층 F129호,,청과부류
628,유한회사 고성상회,가락시장,가락몰 판매동 청과부류 지하1층 F130호,,청과부류
629,봉천식품,가락시장,가락몰 판매동 청과부류 지하1층 G001호,02-408-8570,채소류
630,(유)서경앤솔,가락시장,가락몰 판매동 청과부류 지하1층 G005호,,청과부류
631,(유)귀자상회,가락시장,가락몰 판매동 청과부류 지하1층 G007호,,청과부류
632,(유)백제유통,가락시장,가락몰 판매동 청과부류 지하1층 G009호,02-400-6765,채소류
633,(유)지훈유통,가락시장,가락몰 판매동 청과부류 지하1층 G017호,02-400-2327,채소류
634,(주)씨밀레에프에스,가락시장,가락몰 판매동 청과부류 지하1층 G018호,,채소류
635,가람상회,가락시장,가락몰 판매동 청과부류 지하1층 G018-2호,,채소류
636,(유)희복농산,가락시장,가락몰 판매동 청과부류 지하1층 G021호,02-407-6505,채소류
637,(유)태산농산,가락시장,가락몰 판매동 청과부류 지하1층 G022호,02-431-4947,청과부류
638,(유)재현농산,가락시장,가락몰 판매동 청과부류 지하1층 G023호,02-407-0695,채소류
639,한양상회,가락시장,가락몰 판매동 청과부류 지하1층 G031호,02-408-7401,채소류
640,(유)순이유통,가락시장,가락몰 판매동 청과부류 지하1층 G035호,,청과부류
641,한일유통,가락시장,가락몰 판매동 청과부류 지하1층 G037호,02-408-8639,청과부류
642,(유)우신상회,가락시장,가락몰 판매동 청과부류 지하1층 G039호,,채소류
643,우신상회,가락시장,가락몰 판매동 청과부류 지하1층 G040호,,채소류
644,(유)더영화상회,가락시장,가락몰 판매동 청과부류 지하1층 G042호,,채소류
645,(유)파주농산,가락시장,가락몰 판매동 청과부류 지하1층 G044호,02-402-1017,채소류
646,(유)그린마켓,가락시장,가락몰 판매동 청과부류 지하1층 G045호,02-6978-0700,채소류
647,(유)해남농산,가락시장,가락몰 판매동 청과부류 지하1층 G051호,,채소류
648,(유)푸움에마늘,가락시장,가락몰 판매동 청과부류 지하1층 G053호,02-6978-3654,채소류
649,진흥상회,가락시장,가락몰 판매동 청과부류 지하1층 G057호,02-401-6958,채소류
650,진흥상회,가락시장,가락몰 판매동 청과부류 지하1층 G057-2호,02-401-6958,채소류
651,금농푸드빌(유),가락시장,가락몰 판매동 청과부류 지하1층 G060호,,청과부류
652,(주)용담유통,가락시장,가락몰 판매동 청과부류 지하1층 G061호,,청과부류
653,(주)대웅상회,가락시장,가락몰 판매동 청과부류 지하1층 G062호,,기타
654,금성저울　,가락시장,가락몰 판매동 청과부류 지하1층 G063호,02-403-3172,채소류
655,(주)서우유통,가락시장,가락몰 판매동 청과부류 지하1층 G064호,,채소류
656,(주)서우유통,가락시장,가락몰 판매동 청과부류 지하1층 G066호,,채소류
657,(유)금성야채,가락시장,가락몰 판매동 청과부류 지하1층 G067호,,채소류
658,(유)서윤유통,가락시장,가락몰 판매동 청과부류 지하1층 G068호,,청과부류
659,(유)서윤유통,가락시장,가락몰 판매동 청과부류 지하1층 G069호,,청과부류
660,(유)그린마켓,가락시장,가락몰 판매동 청과부류 지하1층 G070호,02-6978-0700,채소류
661,(유)파오팜푸드,가락시장,가락몰 판매동 청과부류 지하1층 G071호,02-406-8930,채소류
662,충남상회,가락시장,가락몰 판매동 청과부류 지하1층 G072호,,채소류
663,(유)몽땅유통,가락시장,가락몰 판매동 청과부류 지하1층 G073호,,채소류
664,(유)파오팜푸드,가락시장,가락몰 판매동 청과부류 지하1층 G074호,02-406-8930,채소류
665,(주)대호나물,가락시장,가락몰 판매동 청과부류 지하1층 G075호,,과일류
666,(유)명희상회,가락시장,가락몰 판매동 청과부류 지하1층 G076호,02-407-1857,채소류
667,(유)명희상회,가락시장,가락몰 판매동 청과부류 지하1층 G077호,02-407-1857,채소류
668,(유)군산푸드,가락시장,가락몰 판매동 청과부류 지하1층 G078호,02-407-0638,채소류
669,(유)군산푸드,가락시장,가락몰 판매동 청과부류 지하1층 G079호,02-407-0638,채소류
670,(유)장터투,가락시장,가락몰 판매동 청과부류 지하1층 G080호,,채소류
671,승호상회,가락시장,가락몰 판매동 청과부류 지하1층 G081호,02-449-6870,채소류
672,(주)공진상회,가락시장,가락몰 판매동 청과부류 지하1층 G082호,,청과부류
673,(유)알파농산,가락시장,가락몰 판매동 청과부류 지하1층 G083호,,채소류
674,(유)알파농산,가락시장,가락몰 판매동 청과부류 지하1층 G084호,,채소류
675,(유)대보름농산,가락시장,가락몰 판매동 청과부류 지하1층 G085호,,채소류
676,(유)대보름농산,가락시장,가락몰 판매동 청과부류 지하1층 G086호,,채소류
677,(유)금만상회,가락시장,가락몰 판매동 청과부류 지하1층 G087호,,채소류
678,(유)가락포장,가락시장,가락몰 판매동 청과부류 지하1층 G089-1호,,채소류
679,(유)가락포장,가락시장,가락몰 판매동 청과부류 지하1층 G089-2호,,채소류
680,(유)흥주그린농산,가락시장,가락몰 판매동 청과부류 지하1층 G094호,,채소류
681,(유)아침해식품,가락시장,가락몰 판매동 청과부류 지하1층 G095호,02-6978-0177,과일류
682,(유)아침해식품,가락시장,가락몰 판매동 청과부류 지하1층 G096호,02-6978-0177,과일류
683,(유)삼광상회,가락시장,가락몰 판매동 청과부류 지하1층 G098호,,청과부류
684,(유)아침해식품,가락시장,가락몰 판매동 청과부류 지하1층 G099호,02-6978-0177,과일류
685,(유)삼광상회,가락시장,가락몰 판매동 청과부류 지하1층 G100호,,청과부류
686,금농물산(유),가락시장,가락몰 판매동 청과부류 지하1층 G101호,02-3012-3600,채소류
687,(유)재환농산,가락시장,가락몰 판매동 청과부류 지하1층 G102호,,채소류
688,(유)중산유통,가락시장,가락몰 판매동 청과부류 지하1층 G106호,02-6978-3650,채소류
689,송림식품,가락시장,가락몰 판매동 청과부류 지하1층 G109호,02-407-3234,채소류
690,송림식품,가락시장,가락몰 판매동 청과부류 지하1층 G111호,02-407-3234,채소류
691,(유)성광식자재농산,가락시장,가락몰 판매동 청과부류 지하1층 G112호,,채소류
692,(유)순이농산,가락시장,가락몰 판매동 청과부류 지하1층 G113호,02-449-7273,채소류
693,통영상회,가락시장,가락몰 판매동 청과부류 지하1층 G114호,02-431-6109,채소류
694,(유)성원상회,가락시장,가락몰 판매동 청과부류 지하1층 G116호,02-408-7256,채소류
695,(유)성원상회,가락시장,가락몰 판매동 청과부류 지하1층 G117호,02-408-7256,채소류
696,(유)몽땅유통,가락시장,가락몰 판매동 청과부류 지하1층 G118호,,채소류
697,명성상회,가락시장,가락몰 판매동 청과부류 지하1층 G119호,,청과부류
698,(유)금만상회,가락시장,가락몰 판매동 청과부류 지하1층 G120호,,채소류
699,(유)금만상회,가락시장,가락몰 판매동 청과부류 지하1층 G121호,,채소류
700,백상회,가락시장,가락몰 판매동 청과부류 지하1층 H001호,02-431-4117,채소류
701,(유)국제푸드,가락시장,가락몰 판매동 청과부류 지하1층 H004호,,채소류
702,성일상회,가락시장,가락몰 판매동 청과부류 지하1층 H005호,,채소류
703,(유)도성상사,가락시장,가락몰 판매동 청과부류 지하1층 H007호,,채소류
704,부광유통,가락시장,가락몰 판매동 청과부류 지하1층 H008호,02-6978-0222,채소류
705,(유)황제페팅,가락시장,가락몰 판매동 청과부류 지하1층 H011호,,채소류
706,형제상회,가락시장,가락몰 판매동 청과부류 지하1층 H016호,02-404-9132,채소류
707,(유)신형제농산,가락시장,가락몰 판매동 청과부류 지하1층 H016-2호,,채소류
708,(유)홍현상회,가락시장,가락몰 판매동 청과부류 지하1층 H020호,,채소류
709,(유)팔구오구유통,가락시장,가락몰 판매동 청과부류 지하1층 H023호,02-404-9981,채소류
710,(유)풀빛누리농산,가락시장,가락몰 판매동 청과부류 지하1층 H027호,,채소류
711,(유)원일유통,가락시장,가락몰 판매동 청과부류 지하1층 H029호,,채소류
712,(유)현주상회,가락시장,가락몰 판매동 청과부류 지하1층 H033호,,채소류
713,(유)덕례농산,가락시장,가락몰 판매동 청과부류 지하1층 H034호,,채소류
714,(주)만세유통,가락시장,가락몰 판매동 청과부류 지하1층 H036호,02-6978-0176,청과부류
715,기복상회,가락시장,가락몰 판매동 청과부류 지하1층 H038호,,채소류
716,(유)기복농산,가락시장,가락몰 판매동 청과부류 지하1층 H039호,,채소류
717,옥구상회,가락시장,가락몰 판매동 청과부류 지하1층 H040호,02-409-2364,채소류
718,정준상회,가락시장,가락몰 판매동 청과부류 지하1층 H041호,02-401-1729,채소류
719,신용상회,가락시장,가락몰 판매동 청과부류 지하1층 H042호,02-404-0960,청과부류
720,(유)주공푸드,가락시장,가락몰 판매동 청과부류 지하1층 H043호,,채소류
721,(유)주공푸드,가락시장,가락몰 판매동 청과부류 지하1층 H044호,,채소류
722,(유)명성유통,가락시장,가락몰 판매동 청과부류 지하1층 H045호,,채소류
723,포천상회,가락시장,가락몰 판매동 청과부류 지하1층 H046호,02-400-5173,채소류
724,황제상회,가락시장,가락몰 판매동 청과부류 지하1층 H047호,,청과부류
725,(유)성옥,가락시장,가락몰 판매동 청과부류 지하1층 H048호,02-408-6489,채소류
726,(유)가을들녘,가락시장,가락몰 판매동 청과부류 지하1층 H050호,,채소류
727,(유)원진식품,가락시장,가락몰 판매동 청과부류 지하1층 H051호,,채소류
728,(유)드림농산,가락시장,가락몰 판매동 청과부류 지하1층 H053호,,채소류
729,정애식품,가락시장,가락몰 판매동 청과부류 지하1층 H054호,02-407-3476,조미채류
730,정애식품,가락시장,가락몰 판매동 청과부류 지하1층 H055호,02-407-3476,조미채류
731,유경상회,가락시장,가락몰 판매동 청과부류 지하1층 H055-2호,,채소류
732,(유)연일상회,가락시장,가락몰 판매동 청과부류 지하1층 H058호,,채소류
733,어허라농산,가락시장,가락몰 판매동 청과부류 지하1층 H059호,,채소류
734,(유)선일유통,가락시장,가락몰 판매동 청과부류 지하1층 H060호,,채소류
735,(유)선일유통,가락시장,가락몰 판매동 청과부류 지하1층 H061호,,채소류
736,(유)선일유통,가락시장,가락몰 판매동 청과부류 지하1층 H062호,,채소류
737,(유)성국농산,가락시장,가락몰 판매동 청과부류 지하1층 H063호,,채소류
738,온양상회,가락시장,가락몰 판매동 청과부류 지하1층 H064호,,채소류
739,온양상회,가락시장,가락몰 판매동 청과부류 지하1층 H065호,,채소류
740,(유)기품찬,가락시장,가락몰 판매동 청과부류 지하1층 H066호,,청과부류
741,(유)병진농산,가락시장,가락몰 판매동 청과부류 지하1층 H067호,02-407-8706,채소류
742,(주)태승상회,가락시장,가락몰 판매동 청과부류 지하1층 H068호,,청과부류
743,하남상회,가락시장,가락몰 판매동 청과부류 지하1층 H069호,02-404-3557,채소류
744,고향상회,가락시장,가락몰 판매동 청과부류 지하1층 H069-2호,,채소류
745,(유)남원상회,가락시장,가락몰 판매동 청과부류 지하1층 H069-3호,,청과부류
746,(유)남원상회,가락시장,가락몰 판매동 청과부류 지하1층 H069-4호,,청과부류
747,하남상회,가락시장,가락몰 판매동 청과부류 지하1층 H073호,02-404-3557,채소류
748,(유)양지상회,가락시장,가락몰 판매동 청과부류 지하1층 H075호,,기타
749,(유)하양농산,가락시장,가락몰 판매동 청과부류 지하1층 H077호,,채소류
750,(유)광진팜,가락시장,가락몰 판매동 청과부류 지하1층 H078호,,채소류
751,(유)대박농산,가락시장,가락몰 판매동 청과부류 지하1층 H079호,,청과부류
752,(유)구월푸드,가락시장,가락몰 판매동 청과부류 지하1층 H081호,,채소류
753,(유)구월푸드,가락시장,가락몰 판매동 청과부류 지하1층 H082호,,채소류
754,경천상회,가락시장,가락몰 판매동 청과부류 지하1층 H083호,02-404-0864,채소류
755,(유)다산건해,가락시장,가락몰 판매동 청과부류 지하1층 H084호,,채소류
756,유진상회,가락시장,가락몰 판매동 청과부류 지하1층 H085호,02-408-7892,채소류
757,(유)주영유통,가락시장,가락몰 판매동 청과부류 지하1층 H086호,,채소류
758,(유)한빛농산,가락시장,가락몰 판매동 청과부류 지하1층 H090호,,채소류
759,(유)한빛농산,가락시장,가락몰 판매동 청과부류 지하1층 H091호,,채소류
760,유한회사 한지농산,가락시장,가락몰 판매동 청과부류 지하1층 H092호,02-400-5379,채소류
761,(유)기품찬,가락시장,가락몰 판매동 청과부류 지하1층 H093호,,청과부류
762,(유)해원상회,가락시장,가락몰 판매동 청과부류 지하1층 H094호,,채소류
763,(유)누나상회,가락시장,가락몰 판매동 청과부류 지하1층 H095호,,청과부류
764,진양상회,가락시장,가락몰 판매동 청과부류 지하1층 H096호,02-408-0944,채소류
765,(유)구월푸드,가락시장,가락몰 판매동 청과부류 지하1층 H097호,,채소류
766,(유)원상상회,가락시장,가락몰 판매동 청과부류 지하1층 H098호,,청과부류
767,우엉연근상회,가락시장,가락몰 판매동 청과부류 지하1층 H099호,02-401-1824,채소류
768,우엉연근상회,가락시장,가락몰 판매동 청과부류 지하1층 H100호,02-401-1824,채소류
769,(주)선태유통,가락시장,가락몰 판매동 청과부류 지하1층 H101호,,청과부류
770,(유)승락상회,가락시장,가락몰 판매동 청과부류 지하1층 H102호,,채소류
771,(유)지안푸드,가락시장,가락몰 판매동 청과부류 지하1층 H103호,,채소류
772,(주)성우농산,가락시장,가락몰 판매동 청과부류 지하1층 H104호,,청과부류
773,(유)또순이김치,가락시장,가락몰 판매동 청과부류 지하1층 H105호,,채소류
774,유한회사 한지농산,가락시장,가락몰 판매동 청과부류 지하1층 H106호,02-400-5379,채소류
775,유한회사 한지농산,가락시장,가락몰 판매동 청과부류 지하1층 H107호,02-400-5379,채소류
776,(유)더그린푸드,가락시장,가락몰 판매동 청과부류 지하1층 H108호,,채소류
777,(유)댓골,가락시장,가락몰 판매동 청과부류 지하1층 H109호,,채소류
778,(유)영숙농산,가락시장,가락몰 판매동 청과부류 지하1층 H112호,,채소류
779,(유)가락다해식품,가락시장,가락몰 판매동 청과부류 지하1층 H114호,,청과부류
780,(유)해원상회,가락시장,가락몰 판매동 청과부류 지하1층 H116호,,채소류
781,(유)해원상회,가락시장,가락몰 판매동 청과부류 지하1층 H117호,,채소류
782,(유)씨에스유통,가락시장,가락몰 판매동 청과부류 지하1층 H118호,,청과부류
783,(유)씨에스유통,가락시장,가락몰 판매동 청과부류 지하1층 H119호,,청과부류
784,(유)더그린푸드,가락시장,가락몰 판매동 청과부류 지하1층 H120호,,채소류
785,(주)황금상회,가락시장,가락몰 판매동 청과부류 지하1층 H121호,,청과부류
786,(주)황금상회,가락시장,가락몰 판매동 청과부류 지하1층 H122호,,청과부류
787,(주)황금상회,가락시장,가락몰 판매동 청과부류 지하1층 H123호,,청과부류
788,(유)대영상회,가락시장,가락몰 판매동 청과부류 지하1층 H124호,,청과부류
789,목포상회,가락시장,가락몰 판매동 청과부류 지하1층 H125호,02-404-4256,채소류
790,은혜식품,가락시장,가락몰 판매동 청과부류 지하1층 H126호,,청과부류
791,은혜식품,가락시장,가락몰 판매동 청과부류 지하1층 H127호,,청과부류
792,은혜식품,가락시장,가락몰 판매동 청과부류 지하1층 H128호,,청과부류
793,(유)대가수산,가락시장,가락몰 판매동 수산부류 1층 001-1호,02-6978-1978,수산부류
794,(유)대가수산,가락시장,가락몰 판매동 수산부류 1층 002-1호,02-6978-1978,수산부류
795,(주)금성가락유통,가락시장,가락몰 판매동 수산부류 1층 003-1호,02-406-1094,수산부류
796,금성유통,가락시장,가락몰 판매동 수산부류 1층 004-1호,02-406-1094,수산부류
797,미래유통,가락시장,가락몰 판매동 수산부류 1층 005-1호,02-400-4356,수산부류
798,으악새상회,가락시장,가락몰 판매동 수산부류 1층 006-1호,02-6978-1237,패류
799,으악새상회,가락시장,가락몰 판매동 수산부류 1층 007-1호,02-6978-1237,패류
800,광천수산,가락시장,가락몰 판매동 수산부류 1층 008-1호,02-403-1694,기타
801,광천수산,가락시장,가락몰 판매동 수산부류 1층 009-1호,02-403-1694,기타
802,고흥수산,가락시장,가락몰 판매동 수산부류 1층 010-1호,02-403-7048,수산부류
803,(유)청수수산,가락시장,가락몰 판매동 수산부류 1층 011-1호,02-6978-1235,수산부류
804,대박수산,가락시장,가락몰 판매동 수산부류 1층 012-1호,02-408-4798,수산부류
805,(유)대박수산,가락시장,가락몰 판매동 수산부류 1층 013-1호,02-408-1015,수산부류
806,(유)번영상회,가락시장,가락몰 판매동 수산부류 1층 014-1호,02-408-8248,수산부류
807,목포수산,가락시장,가락몰 판매동 수산부류 1층 015-1호,02-403-4090,수산부류
808,(유)거북상회,가락시장,가락몰 판매동 수산부류 1층 016-1호,02-449-1070,선어류
809,거북수산,가락시장,가락몰 판매동 수산부류 1층 017-1호,02-449-1070,수산부류
810,거북수산,가락시장,가락몰 판매동 수산부류 1층 018-1호,02-449-1070,수산부류
811,(유)은정수산,가락시장,가락몰 판매동 수산부류 1층 019-1호,02-408-8716,수산부류
812,(유)어부수산,가락시장,가락몰 판매동 수산부류 1층 020-1호,02-6978-1313,수산부류
813,(유)오복수산유통,가락시장,가락몰 판매동 수산부류 1층 021-1호,02-403-8551,선어류
814,(유)오복수산유통,가락시장,가락몰 판매동 수산부류 1층 022-1호,02-403-8551,선어류
815,(유)도경수산,가락시장,가락몰 판매동 수산부류 1층 023-1호,02-402-5043,수산부류
816,(유)예림꽃게,가락시장,가락몰 판매동 수산부류 1층 024-1호,02-408-2865,수산부류
817,(유)완도수산,가락시장,가락몰 판매동 수산부류 1층 025-1호,02-407-8369,수산부류
818,전남상회,가락시장,가락몰 판매동 수산부류 1층 026-1호,02-407-8369,수산부류
819,(유)가락몰부흥수산,가락시장,가락몰 판매동 수산부류 1층 027-1호,02-407-1829,수산부류
820,(유)홍탁,가락시장,가락몰 판매동 수산부류 1층 028-1호,,수산부류
821,구례상회,가락시장,가락몰 판매동 수산부류 1층 029-1호,02-448-0918,수산부류
822,(유)만선상회,가락시장,가락몰 판매동 수산부류 1층 030-1호,02-408-5632,수산부류
823,(유)정화수산,가락시장,가락몰 판매동 수산부류 1층 031-1호,02-408-5632,수산부류
824,(유)구례수산,가락시장,가락몰 판매동 수산부류 1층 032-1호,02-400-2988,수산부류
825,(유)가락구례상회,가락시장,가락몰 판매동 수산부류 1층 033-1호,02-407-8072,수산부류
826,(주)이독도참치유통,가락시장,가락몰 판매동 수산부류 1층 034-1호,02-6778-2334,수산부류
827,(주)이독도참치유통,가락시장,가락몰 판매동 수산부류 1층 035-1호,02-6778-2334,수산부류
828,(유)만복수산,가락시장,가락몰 판매동 수산부류 1층 036-1호,02-402-3771,수산부류
829,(유)만복수산,가락시장,가락몰 판매동 수산부류 1층 037-1호,02-402-3771,수산부류
830,현대수산,가락시장,가락몰 판매동 수산부류 1층 038-1호,02-402-8709,수산부류
831,(유)나주홍어,가락시장,가락몰 판매동 수산부류 1층 039-1호,02-403-4224,선어류
832,(유)나주홍어,가락시장,가락몰 판매동 수산부류 1층 040-1호,02-403-4224,선어류
833,(유)강남홍어,가락시장,가락몰 판매동 수산부류 1층 041-1호,02-403-4224,수산부류
834,(유)영광상회,가락시장,가락몰 판매동 수산부류 1층 042-1호,02-448-0882,수산부류
835,(유)동진씨푸드,가락시장,가락몰 판매동 수산부류 1층 043-1호,02-6978-1699,수산부류
836,(유)광주수산,가락시장,가락몰 판매동 수산부류 1층 044-1호,02-6978-1699,수산부류
837,(유)경수수산,가락시장,가락몰 판매동 수산부류 1층 045-1호,02-403-2531,수산부류
838,(주)강진수산,가락시장,가락몰 판매동 수산부류 1층 046-1호,02-408-3972,수산부류
839,(주)강진수산,가락시장,가락몰 판매동 수산부류 1층 047-1호,02-408-3972,수산부류
840,(유)나래수산,가락시장,가락몰 판매동 수산부류 1층 048-1호,02-6978-1383,수산부류
841,완도꽃게,가락시장,가락몰 판매동 수산부류 1층 049-1호,02-408-9623,수산부류
842,(유)보물섬수산,가락시장,가락몰 판매동 수산부류 1층 050-1호,02-6978-1105,수산부류
843,보물섬,가락시장,가락몰 판매동 수산부류 1층 051-1호,02-6978-1105,수산부류
844,(유)하늘씨푸드,가락시장,가락몰 판매동 수산부류 1층 052-1호,02-406-4713,갑각류
845,(유)쌍둥이수산,가락시장,가락몰 판매동 수산부류 1층 053-1호,,수산부류
846,(유)광양수산,가락시장,가락몰 판매동 수산부류 1층 054-1호,02-6978-1234,수산부류
847,(유)광양유통,가락시장,가락몰 판매동 수산부류 1층 055-1호,02-6978-1259,수산부류
848,(유)진도수산,가락시장,가락몰 판매동 수산부류 1층 056-1호,02-400-6384,수산부류
849,(유)형선물산,가락시장,가락몰 판매동 수산부류 1층 057-1호,02-407-4433,수산부류
850,신도수산,가락시장,가락몰 판매동 수산부류 1층 058-1호,02-403-1561,수산부류
851,(유)산성상회,가락시장,가락몰 판매동 수산부류 1층 059-1호,02-400-5846,수산부류
852,진희네꽃게,가락시장,가락몰 판매동 수산부류 1층 060-1호,02-407-9702,선어류
853,(유)묘량수산,가락시장,가락몰 판매동 수산부류 1층 061-1호,02-404-2770,수산부류
854,(유)푸른수산,가락시장,가락몰 판매동 수산부류 1층 062-1호,,수산부류
855,(유)해동씨푸드,가락시장,가락몰 판매동 수산부류 1층 063-1호,02-6978-1253,수산부류
856,성환상회,가락시장,가락몰 판매동 수산부류 1층 064-1호,02-407-8173,수산부류
857,목포상회,가락시장,가락몰 판매동 수산부류 1층 065-1호,02-407-5554,수산부류
858,(유)호남홍어,가락시장,가락몰 판매동 수산부류 1층 066-1호,02-407-3072,수산부류
859,오륜상회,가락시장,가락몰 판매동 수산부류 1층 067-1호,02-407-3072,수산부류
860,(유)이화씨푸드,가락시장,가락몰 판매동 수산부류 1층 068-1호,02-408-8542,수산부류
861,(유)가락몰동일수산,가락시장,가락몰 판매동 수산부류 1층 069-1호,02-403-3139,선어류
862,(유)민수수산,가락시장,가락몰 판매동 수산부류 1층 070-1호,02-408-6523,수산부류
863,(유)대운홍어,가락시장,가락몰 판매동 수산부류 1층 071-1호,02-408-9071,수산부류
864,(유)인천홍어,가락시장,가락몰 판매동 수산부류 1층 072-1호,02-6978-1252,수산부류
865,(유)신한일수산,가락시장,가락몰 판매동 수산부류 1층 073-1호,02-408-2009,수산부류
866,(유)이레수산,가락시장,가락몰 판매동 수산부류 1층 074-1호,02-406-1049,수산부류
867,(유)이레수산,가락시장,가락몰 판매동 수산부류 1층 075-1호,02-406-1049,수산부류
868,(유)재영수산,가락시장,가락몰 판매동 수산부류 1층 076-1호,02-6978-2233,기타
869,(유)재영수산,가락시장,가락몰 판매동 수산부류 1층 077-1호,02-6978-2233,기타
870,(유)다해수산,가락시장,가락몰 판매동 수산부류 1층 078-1호,02-400-2988,수산부류
871,(유)태진수산,가락시장,가락몰 판매동 수산부류 1층 079-1호,02-400-2988,수산부류
872,(유)노다지수산,가락시장,가락몰 판매동 수산부류 1층 080-1호,02-407-7328,수산부류
873,대풍수산,가락시장,가락몰 판매동 수산부류 1층 081-1호,02-407-4210,수산부류
874,대풍수산,가락시장,가락몰 판매동 수산부류 1층 082-1호,02-407-4210,수산부류
875,(유)군산해물,가락시장,가락몰 판매동 수산부류 1층 083-1호,02-403-2527,수산부류
876,(유)신호남수산,가락시장,가락몰 판매동 수산부류 1층 084-1호,02-402-8059,수산부류
877,대어나라,가락시장,가락몰 판매동 수산부류 1층 085-1호,02-404-2506,수산부류
878,(유)생낙수산,가락시장,가락몰 판매동 수산부류 1층 086-1호,02-6978-2626,갑각류
879,재하수산(주),가락시장,가락몰 판매동 수산부류 1층 087-1호,02-404-2516,수산부류
880,(유)한결수산,가락시장,가락몰 판매동 수산부류 1층 088-1호,,수산부류
881,(유)한결수산,가락시장,가락몰 판매동 수산부류 1층 089-1호,,수산부류
882,(유)금춘수산,가락시장,가락몰 판매동 수산부류 1층 090-1호,02-402-2568,수산부류
883,(유)해남수산홍어전문,가락시장,가락몰 판매동 수산부류 1층 091-1호,02-408-5540,수산부류
884,대신상회,가락시장,가락몰 판매동 수산부류 1층 092-1호,02-407-2597,수산부류
885,(유)여수나라,가락시장,가락몰 판매동 수산부류 1층 093-1호,02-408-3437,수산부류
886,(유)온달수산,가락시장,가락몰 판매동 수산부류 1층 094-1호,02-404-2606,수산부류
887,(유)본가수산,가락시장,가락몰 판매동 수산부류 1층 095-1호,,수산부류
888,(유)청정수산,가락시장,가락몰 판매동 수산부류 1층 096-1호,,수산부류
889,(유)원하나수산,가락시장,가락몰 판매동 수산부류 1층 097-1호,02-408-4888,수산부류
890,(유)원하나수산,가락시장,가락몰 판매동 수산부류 1층 098-1호,02-408-4888,수산부류
891,(유)수인상회,가락시장,가락몰 판매동 수산부류 1층 099-1호,02-402-6941,수산부류
892,(유)온달수산,가락시장,가락몰 판매동 수산부류 1층 100-1호,02-404-2606,수산부류
893,남도홍어,가락시장,가락몰 판매동 수산부류 1층 101-1호,02-403-1723,수산부류
894,(유)해정바다,가락시장,가락몰 판매동 수산부류 1층 102-1호,02-402-2138,수산부류
895,(유)완도홍어,가락시장,가락몰 판매동 수산부류 1층 103-1호,02-406-4955,수산부류
896,(유)완도홍어,가락시장,가락몰 판매동 수산부류 1층 104-1호,02-406-4955,수산부류
897,(유)용천수산,가락시장,가락몰 판매동 수산부류 1층 105-1호,02-403-2178,수산부류
898,(유)형제수산2,가락시장,가락몰 판매동 수산부류 1층 106-1호,02-408-8450,수산부류
899,(유)형제수산,가락시장,가락몰 판매동 수산부류 1층 107-1호,02-407-8882,수산부류
900,(유)형제수산,가락시장,가락몰 판매동 수산부류 1층 108-1호,02-407-8882,수산부류
901,(유)형제수산,가락시장,가락몰 판매동 수산부류 1층 109-1호,02-407-8882,수산부류
902,(유)기양수산,가락시장,가락몰 판매동 수산부류 1층 110-1호,02-408-8020,수산부류
903,(유)기양수산,가락시장,가락몰 판매동 수산부류 1층 111-1호,02-408-8020,수산부류
904,(유)온달수산,가락시장,가락몰 판매동 수산부류 1층 112-1호,02-404-2606,수산부류
905,영산포,가락시장,가락몰 판매동 수산부류 1층 113-1호,02-402-8200,수산부류
906,(유)왕초네,가락시장,가락몰 판매동 수산부류 1층 114-1호,02-404-2496,수산부류
907,(유)용기수산,가락시장,가락몰 판매동 수산부류 1층 115-1호,02-407-5347,패류
908,(유)바다나라,가락시장,가락몰 판매동 수산부류 1층 116-1호,02-400-9172,패류
909,(유)전라수산,가락시장,가락몰 판매동 수산부류 1층 117-1호,02-448-6159,수산부류
910,(유)장성수산,가락시장,가락몰 판매동 수산부류 1층 118-1호,02-406-9004,패류
911,(유)장성수산,가락시장,가락몰 판매동 수산부류 1층 119-1호,02-406-9004,패류
912,(유)가락몰형제상회,가락시장,가락몰 판매동 수산부류 1층 120-1호,02-6978-1765,수산부류
913,영흥수산,가락시장,가락몰 판매동 수산부류 1층 121-1호,02-408-4340,수산부류
914,영흥수산,가락시장,가락몰 판매동 수산부류 1층 122-1호,02-408-4340,수산부류
915,(유)흥부수산,가락시장,가락몰 판매동 수산부류 1층 123-1호,02-408-8005,패류
916,평화상회,가락시장,가락몰 판매동 수산부류 1층 124-1호,02-406-8775,수산부류
917,(유)명가수산,가락시장,가락몰 판매동 수산부류 1층 125-1호,02-407-5442,수산부류
918,(유)명가수산,가락시장,가락몰 판매동 수산부류 1층 126-1호,02-407-5442,수산부류
919,(유)일월수산1,가락시장,가락몰 판매동 수산부류 1층 127-1호,02-404-2566,수산부류
920,(유)유유신물산,가락시장,가락몰 판매동 수산부류 1층 128-1호,02-408-3807,수산부류
921,(유)즐거운수산,가락시장,가락몰 판매동 수산부류 1층 129-1호,02-403-4250,수산부류
922,(유)대림수산,가락시장,가락몰 판매동 수산부류 1층 130-1호,02-403-4305,수산부류
923,(유)신영수산,가락시장,가락몰 판매동 수산부류 1층 131-1호,02-409-6823,선어류
924,(유)봉주르수산,가락시장,가락몰 판매동 수산부류 1층 132-1호,02-404-3384,수산부류
925,(유)영재수산,가락시장,가락몰 판매동 수산부류 1층 133-1호,02-402-9371,수산부류
926,(유)위푸드코리아,가락시장,가락몰 판매동 수산부류 1층 134-1호,02-449-5097,수산부류
927,(유)성화수산,가락시장,가락몰 판매동 수산부류 1층 135-1호,02-407-7934,패류
928,(유)대우수산,가락시장,가락몰 판매동 수산부류 1층 136-1호,02-403-8477,수산부류
929,(유)장군수산,가락시장,가락몰 판매동 수산부류 1층 137-1호,02-404-2586,수산부류
930,(유)남원씨푸드,가락시장,가락몰 판매동 수산부류 1층 138-1호,,수산부류
931,(유)하늘지에스,가락시장,가락몰 판매동 수산부류 1층 139-1호,02-408-1743,수산부류
932,(유)마레인팔도수산,가락시장,가락몰 판매동 수산부류 1층 140-1호,02-403-8450,수산부류
933,(유)나주상회,가락시장,가락몰 판매동 수산부류 1층 141-1호,02-400-0671,젓갈류
934,(유)인천상회,가락시장,가락몰 판매동 수산부류 1층 142-1호,02-402-9789,젓갈류
935,(유)승진식품,가락시장,가락몰 판매동 수산부류 1층 143-1호,02-402-6572,채소류
936,(유)신흥식품,가락시장,가락몰 판매동 수산부류 1층 144-1호,,젓갈류
937,(유)평화토속맛식품,가락시장,가락몰 판매동 수산부류 1층 145-1호,02-402-9722,젓갈류
938,(주)남일상회,가락시장,가락몰 판매동 수산부류 1층 146-1호,02-400-6068,젓갈류
939,(유)충남식품,가락시장,가락몰 판매동 수산부류 1층 147-1호,02-402-7496,젓갈류
940,남도상회,가락시장,가락몰 판매동 수산부류 1층 148-1호,,채소류
941,(유)아라식품,가락시장,가락몰 판매동 수산부류 1층 149-1호,,젓갈류
942,(유)신안상회,가락시장,가락몰 판매동 수산부류 1층 150-1호,02-422-0691,젓갈류
943,(주)송파식품,가락시장,가락몰 판매동 수산부류 1층 151-1호,02-406-1110,청과부류
944,유한회사 광천수산,가락시장,가락몰 판매동 수산부류 1층 152-1호,02-407-2977,젓갈류
945,마포상회,가락시장,가락몰 판매동 수산부류 1층 153-1호,02-407-5567,청과부류
946,(유)두정수산,가락시장,가락몰 판매동 수산부류 1층 154-1호,02-407-2115,패류
947,(유)두정수산,가락시장,가락몰 판매동 수산부류 1층 155-1호,02-407-2115,패류
948,(유)대성수산,가락시장,가락몰 판매동 수산부류 1층 156-1호,,수산부류
949,(유)우정돌산,가락시장,가락몰 판매동 수산부류 1층 157-1호,02-6476-7151,수산부류
950,(유)우정돌산,가락시장,가락몰 판매동 수산부류 1층 158-1호,02-6476-7151,수산부류
951,(유)번영수산,가락시장,가락몰 판매동 수산부류 1층 159-1호,02-408-8248,수산부류
952,(유)청인수산,가락시장,가락몰 판매동 수산부류 1층 160-1호,02-400-1156,수산부류
953,(유)우정돌산,가락시장,가락몰 판매동 수산부류 1층 161-1호,02-6476-7151,수산부류
954,(유)솔아구,가락시장,가락몰 판매동 수산부류 1층 162-1호,02-408-0697,수산부류
955,(유)솔아구,가락시장,가락몰 판매동 수산부류 1층 163-1호,02-408-0697,수산부류
956,(유)문정수산,가락시장,가락몰 판매동 수산부류 1층 164-1호,02-400-9433,수산부류
957,(유)문정수산,가락시장,가락몰 판매동 수산부류 1층 165-1호,02-400-9433,수산부류
958,덕화네꽃게,가락시장,가락몰 판매동 수산부류 1층 166-1호,02-407-1491,수산부류
959,(유)싱싱해수산,가락시장,가락몰 판매동 수산부류 1층 167-1호,02-407-3533,수산부류
960,(유)싱싱해수산,가락시장,가락몰 판매동 수산부류 1층 168-1호,02-407-3533,수산부류
961,(유)싱싱해수산2,가락시장,가락몰 판매동 수산부류 1층 169-1호,02-407-4032,수산부류
962,(유)관수수산,가락시장,가락몰 판매동 수산부류 1층 170-1호,02-403-6278,수산부류
963,(유)관수수산,가락시장,가락몰 판매동 수산부류 1층 171-1호,02-403-6278,수산부류
964,(유)고래수산,가락시장,가락몰 판매동 수산부류 1층 172-1호,02-403-8886,수산부류
965,(유)고래수산,가락시장,가락몰 판매동 수산부류 1층 173-1호,02-403-8886,수산부류
966,(유)놀부수산,가락시장,가락몰 판매동 수산부류 1층 174-1호,02-408-8372,수산부류
967,(유)놀부수산,가락시장,가락몰 판매동 수산부류 1층 175-1호,02-408-8372,수산부류
968,(유)놀부수산,가락시장,가락몰 판매동 수산부류 1층 176-1호,02-408-8372,수산부류
969,(유)훈일수산,가락시장,가락몰 판매동 수산부류 1층 177-1호,02-449-2005,수산부류
970,(유)훈일수산,가락시장,가락몰 판매동 수산부류 1층 178-1호,02-449-2005,수산부류
971,(유)향기수산,가락시장,가락몰 판매동 수산부류 1층 179-1호,02-402-8360,식품잡화
972,(유)은하수산,가락시장,가락몰 판매동 수산부류 1층 180-1호,02-407-3133,수산부류
973,(유)은하수산,가락시장,가락몰 판매동 수산부류 1층 181-1호,02-407-3133,수산부류
974,(유)영화수산,가락시장,가락몰 판매동 수산부류 1층 182-1호,02-407-7424,수산부류
975,(유)영화수산,가락시장,가락몰 판매동 수산부류 1층 183-1호,02-407-7424,수산부류
976,부안수산,가락시장,가락몰 판매동 수산부류 1층 184-1호,02-3401-2340,수산부류
977,월드수산,가락시장,가락몰 판매동 수산부류 1층 185-1호,02-409-9878,수산부류
978,(유)해림바다,가락시장,가락몰 판매동 수산부류 1층 186-1호,02-402-9891,수산부류
979,(유)바다향기,가락시장,가락몰 판매동 수산부류 1층 187-1호,02-448-6191,수산부류
980,(유)종부해물,가락시장,가락몰 판매동 수산부류 1층 188-1호,,수산부류
981,(유)신해드림,가락시장,가락몰 판매동 건해부류 1층 001-1호,02-407-4229,건어류
982,(유)무인건해,가락시장,가락몰 판매동 건해부류 1층 002-1호,02-403-6706,건어류
983,(유)경기건해,가락시장,가락몰 판매동 건해부류 1층 003-1호,02-404-0337,건어류
984,(유)대진건해,가락시장,가락몰 판매동 건해부류 1층 004-1호,02-403-3336,건어류
985,(유)성광건해,가락시장,가락몰 판매동 건해부류 1층 005-1호,02-400-6016,건어류
986,(유)대박상사,가락시장,가락몰 판매동 건해부류 1층 006-1호,02-403-4980,건어류
987,(유)남창그린유통,가락시장,가락몰 판매동 건해부류 1층 007-1호,02-407-4188,건어류
988,(유)혜민에프앤비,가락시장,가락몰 판매동 건해부류 1층 008-1호,02-407-6944,건어류
989,(유)영민상회,가락시장,가락몰 판매동 건해부류 1층 009-1호,02-407-4623,건어류
990,(유)영민상회,가락시장,가락몰 판매동 건해부류 1층 010-1호,02-407-4623,건어류
991,(유)영민상회,가락시장,가락몰 판매동 건해부류 1층 011-1호,02-407-4623,건어류
992,(유)승은상회,가락시장,가락몰 판매동 건해부류 1층 012-1호,02-430-0935,건어류
993,(유)쓰리현,가락시장,가락몰 판매동 건해부류 1층 013-1호,02-409-4077,건어류
994,(유)신용건해,가락시장,가락몰 판매동 건해부류 1층 014-1호,02-400-6615,건어류
995,(유)아광성상회,가락시장,가락몰 판매동 건해부류 1층 015-1호,02-400-8231,건어류
996,(유)혜민유통,가락시장,가락몰 판매동 건해부류 1층 016-1호,02-402-5874,수산부류
997,(유)다도해건해,가락시장,가락몰 판매동 건해부류 1층 017-1호,02-407-6670,건어류
998,(유)양성푸드,가락시장,가락몰 판매동 건해부류 1층 018-1호,02-430-0977,건어류
999,(유)혜선건해,가락시장,가락몰 판매동 건해부류 1층 019-1호,02-402-8150,건어류
"1,000",(유)성진상회,가락시장,가락몰 판매동 건해부류 1층 020-1호,02-407-8202,건어류
"1,001",(유)성진상회,가락시장,가락몰 판매동 건해부류 1층 021-1호,02-407-8202,건어류
"1,002",(유)강유건해,가락시장,가락몰 판매동 건해부류 1층 022-1호,02-407-0801,건어류
"1,003",훈진상회,가락시장,가락몰 판매동 건해부류 1층 023-1호,02-406-4888,건어류
"1,004",(유)햇살가득건해,가락시장,가락몰 판매동 건해부류 1층 024-1호,02-404-4949,건어류
"1,005",가락유통,가락시장,가락몰 판매동 건해부류 1층 025-1호,02-407-9094,건어류
"1,006",가락유통,가락시장,가락몰 판매동 건해부류 1층 026-1호,02-407-9094,건어류
"1,007",(유)햇살가득건해,가락시장,가락몰 판매동 건해부류 1층 027-1호,02-404-4949,건어류
"1,008",(유)북일건해산물,가락시장,가락몰 판매동 건해부류 1층 028-1호,02-402-7582,건어류
"1,009",(유)태경굴비,가락시장,가락몰 판매동 건해부류 1층 029-1호,02-407-8841,건어류
"1,010",(유)은하네식품,가락시장,가락몰 판매동 건해부류 1층 030-1호,02-406-5010,건어류
"1,011",(유)호돌이상회,가락시장,가락몰 판매동 건해부류 1층 031-1호,02-407-0666,건어류
"1,012",(유)만나건해,가락시장,가락몰 판매동 건해부류 1층 032-1호,02-431-0867,건어류
"1,013",(유)만나건해,가락시장,가락몰 판매동 건해부류 1층 033-1호,02-431-0867,건어류
"1,014",(유)상필건해,가락시장,가락몰 판매동 건해부류 1층 034-1호,02-403-6902,수산부류
"1,015",(유)고흥건해,가락시장,가락몰 판매동 건해부류 1층 035-1호,02-407-7093,건어류
"1,016",(유)고흥건해,가락시장,가락몰 판매동 건해부류 1층 036-1호,02-407-7093,건어류
"1,017",(유)예닮건해,가락시장,가락몰 판매동 건해부류 1층 037-1호,02-402-3356,건어류
"1,018",(유)예닮건해,가락시장,가락몰 판매동 건해부류 1층 038-1호,02-402-3356,건어류
"1,019",영창상회,가락시장,가락몰 판매동 건해부류 1층 039-1호,02-407-4948,건어류
"1,020",(유)인제건해,가락시장,가락몰 판매동 건해부류 1층 040-1호,02-6978-2004,건어류
"1,021",(유)해성건해산물,가락시장,가락몰 판매동 건해부류 1층 041-1호,02-407-0852,건어류
"1,022",(유)해성건해산물,가락시장,가락몰 판매동 건해부류 1층 042-1호,02-407-0852,건어류
"1,023",신현상회,가락시장,가락몰 판매동 건해부류 1층 043-1호,02-403-0790,건어류
"1,024",우창상회,가락시장,가락몰 판매동 건해부류 1층 044-1호,02-403-3595,건어류
"1,025",(주)신진상사,가락시장,가락몰 판매동 건해부류 1층 045-1호,02-407-3886,건어류
"1,026",(주)신진상사,가락시장,가락몰 판매동 건해부류 1층 046-1호,02-407-3886,건어류
"1,027",(주)신진상사,가락시장,가락몰 판매동 건해부류 1층 047-1호,02-407-3886,건어류
"1,028",(유)주용건해,가락시장,가락몰 판매동 건해부류 1층 048-1호,02-408-3133,건어류
"1,029",갈릴리상회,가락시장,가락몰 판매동 건해부류 1층 049-1호,02-407-4625,건어류
"1,030",(유)동철상회,가락시장,가락몰 판매동 건해부류 1층 050-1호,02-407-4364,건어류
"1,031",서울건해산물직판상인조합,가락시장,가락몰 판매동 건해부류 1층 051-1호,02-407-5784,기타
"1,032",서울건해산물직판상인조합,가락시장,가락몰 판매동 건해부류 1층 052-1호,02-407-5784,기타
"1,033",한도상회,가락시장,가락몰 판매동 건해부류 1층 053-1호,02-406-5063,건어류
"1,034",갈릴리상회,가락시장,가락몰 판매동 건해부류 1층 054-1호,02-407-4625,건어류
"1,035",(유)영화건해,가락시장,가락몰 판매동 건해부류 1층 055-1호,02-408-6791,건어류
"1,036",(유)영화건해,가락시장,가락몰 판매동 건해부류 1층 056-1호,02-408-6791,건어류
"1,037",(유)김판남상회,가락시장,가락몰 판매동 건해부류 1층 057-1호,02-407-3890,건어류
"1,038",(유)오복상회,가락시장,가락몰 판매동 건해부류 1층 058-1호,,건어류
"1,039",(유)오복상회,가락시장,가락몰 판매동 건해부류 1층 059-1호,,건어류
"1,040",(유)상아건해,가락시장,가락몰 판매동 건해부류 1층 060-1호,02-409-0293,건어류
"1,041",(유)영진건해,가락시장,가락몰 판매동 건해부류 1층 061-1호,02-408-3859,건어류
"1,042",(유)오징어군땅콩양,가락시장,가락몰 판매동 건해부류 1층 062-1호,,건어류
"1,043",(유)오징어군땅콩양,가락시장,가락몰 판매동 건해부류 1층 063-1호,,건어류
"1,044",(유)금호영광굴비,가락시장,가락몰 판매동 건해부류 1층 064-1호,02-407-7224,건어류
"1,045",(유)대일굴비,가락시장,가락몰 판매동 건해부류 1층 065-1호,02-3435-1119,건어류
"1,046",(유)대일굴비,가락시장,가락몰 판매동 건해부류 1층 066-1호,02-3435-1119,건어류
"1,047",(유)대일굴비,가락시장,가락몰 판매동 건해부류 1층 067-1호,02-3435-1119,건어류
"1,048",원광상회,가락시장,가락몰 판매동 건해부류 1층 068-1호,02-407-4703,건어류
"1,049",(유)여주건해,가락시장,가락몰 판매동 건해부류 1층 069-1호,02-407-8886,건어류
"1,050",(유)여주건해,가락시장,가락몰 판매동 건해부류 1층 070-1호,02-407-8886,건어류
"1,051",(유)가락금호상회,가락시장,가락몰 판매동 건해부류 1층 071-1호,02-401-4259,건어류
"1,052",(유)흥진건해,가락시장,가락몰 판매동 건해부류 1층 072-1호,02-449-6393,건어기타
"1,053",(유)채윤유통,가락시장,가락몰 판매동 건해부류 1층 073-1호,02-407-2139,건어류
"1,054",(유)풍아건해,가락시장,가락몰 판매동 건해부류 1층 074-1호,02-408-8709,건어류
"1,055",(유)풍아건해,가락시장,가락몰 판매동 건해부류 1층 075-1호,02-408-8709,건어류
"1,056",성심상회,가락시장,가락몰 판매동 건해부류 1층 077-1호,02-430-1061,건어류
"1,057",(유)만나건해,가락시장,가락몰 판매동 건해부류 1층 078-1호,02-431-0867,건어류
"1,058",(주)신진상사,가락시장,가락몰 판매동 건해부류 1층 079-1호,02-407-3886,건어류
"1,059",(유)선봉유통,가락시장,가락몰 판매동 건해부류 1층 080-1호,02-443-1397,건어류
"1,060",(유)일신건해,가락시장,가락몰 판매동 건해부류 1층 081-1호,02-407-2921,건어류
"1,061",(유)심해건어물판매,가락시장,가락몰 판매동 건해부류 1층 082-1호,02-408-8585,건어류
"1,062",장보유통,가락시장,가락몰 판매동 건해부류 1층 083-1호,02-408-8585,건어류
"1,063",기쁨상회,가락시장,가락몰 판매동 건해부류 1층 084-1호,02-443-0933,건어류
"1,064",(주)신진상사,가락시장,가락몰 판매동 건해부류 1층 085-1호,02-407-3886,건어류
"1,065",(유)신덕신건해,가락시장,가락몰 판매동 건해부류 1층 086-1호,02-402-8965,건어류
"1,066",(유)신덕신건해,가락시장,가락몰 판매동 건해부류 1층 087-1호,02-402-8965,건어류
"1,067",미나유통,가락시장,가락몰 판매동 건해부류 1층 088-1호,02-408-2647,건어류
"1,068",우성상회,가락시장,가락몰 판매동 건해부류 1층 089-1호,02-401-3862,건어류
"1,069",우성상회,가락시장,가락몰 판매동 건해부류 1층 090-1호,02-401-3862,건어류
"1,070",(유)덕재건해,가락시장,가락몰 판매동 건해부류 1층 091-1호,02-407-5909,건어류
"1,071",(유)덕재건해,가락시장,가락몰 판매동 건해부류 1층 092-1호,02-407-5909,건어류
"1,072",(유)일호축산,가락시장,가락몰 판매동 축산부류 1층 001-1호,02-409-1812,축산부류
"1,073",삼진축산(주),가락시장,가락몰 판매동 축산부류 1층 002-1호,02-407-2677,축산부류
"1,074",(유)해남축산,가락시장,가락몰 판매동 축산부류 1층 003-1호,02-409-2674,축산부류
"1,075",삼진축산(주),가락시장,가락몰 판매동 축산부류 1층 004-1호,02-407-2677,축산부류
"1,076",(유)거목축산,가락시장,가락몰 판매동 축산부류 1층 005-1호,02-409-2672,축산부류
"1,077",(유)신창축산,가락시장,가락몰 판매동 축산부류 1층 006-1호,02-409-2815,축산부류
"1,078",(유)신창축산,가락시장,가락몰 판매동 축산부류 1층 007-1호,02-409-2815,축산부류
"1,079",(유)영광축산,가락시장,가락몰 판매동 축산부류 1층 008-1호,02-409-1019,축산부류
"1,080",다복축산,가락시장,가락몰 판매동 축산부류 1층 009-1호,02-408-9953,축산부류
"1,081",삼육축산,가락시장,가락몰 판매동 축산부류 1층 010-1호,02-409-2673,축산부류
"1,082",만물축산,가락시장,가락몰 판매동 축산부류 1층 011-1호,02-407-2671,축산부류
"1,083",만물축산,가락시장,가락몰 판매동 축산부류 1층 012-1호,02-407-2671,축산부류
"1,084",(유)영광축산,가락시장,가락몰 판매동 축산부류 1층 013-1호,02-409-1019,축산부류
"1,085",(유)옥철유통,가락시장,가락몰 판매동 축산부류 1층 014-1호,02-408-6389,축산부류
"1,086",(유)남성유통,가락시장,가락몰 판매동 축산부류 1층 015-1호,02-404-3029,축산부류
"1,087",태안축산,가락시장,가락몰 판매동 축산부류 1층 016-1호,02-407-2676,축산부류
"1,088",(유)돼지상사,가락시장,가락몰 판매동 축산부류 1층 017-1호,02-409-1017,축산부류
"1,089",(유)진성축산,가락시장,가락몰 판매동 축산부류 1층 018-1호,02-409-1452,축산부류
"1,090",경북축산,가락시장,가락몰 판매동 축산부류 1층 019-1호,02-408-9334,축산부류
"1,091",동일상사,가락시장,가락몰 판매동 축산부류 1층 020-1호,02-408-0034,축산부류
"1,092",(유)구미상사축산,가락시장,가락몰 판매동 축산부류 1층 021-1호,02-409-1679,축산부류
"1,093",가락식품,가락시장,가락몰 판매동 축산부류 1층 022-1호,02-403-1453,축산부류
"1,094",(유)올레마당,가락시장,가락몰 판매동 축산부류 1층 023-1호,02-408-0031,축산부류
"1,095",(유)다농축산,가락시장,가락몰 판매동 축산부류 1층 024-1호,02-430-6091,축산부류
"1,096",(유)혁이유통,가락시장,가락몰 판매동 축산부류 1층 025-1호,02-403-7552,축산부류
"1,097",대창축산,가락시장,가락몰 판매동 축산부류 1층 026-1호,02-408-0033,축산부류
"1,098",대창축산,가락시장,가락몰 판매동 축산부류 1층 027-1호,02-408-0033,축산부류
"1,099",(유)원주축산,가락시장,가락몰 판매동 축산부류 1층 028-1호,02-3012-5400,축산부류
"1,100",(유)알토만물29,가락시장,가락몰 판매동 축산부류 1층 029-1호,02-409-1454,축산부류
"1,101",(유)양지축산,가락시장,가락몰 판매동 축산부류 1층 030-1호,02-407-9776,축산부류
"1,102",은희축산,가락시장,가락몰 판매동 축산부류 1층 031-1호,02-409-2819,축산부류
"1,103",은희축산,가락시장,가락몰 판매동 축산부류 1층 032-1호,02-409-2819,축산부류
"1,104",(유)보원정육점,가락시장,가락몰 판매동 축산부류 1층 033-1호,02-409-1325,축산부류
"1,105",성심축산,가락시장,가락몰 판매동 축산부류 1층 034-1호,02-402-8081,축산부류
"1,106",상연유통,가락시장,가락몰 판매동 축산부류 1층 035-1호,02-404-4965,축산부류
"1,107",(유)돼지상사,가락시장,가락몰 판매동 축산부류 1층 036-1호,02-409-1017,축산부류
"1,108",(유)돼지상사,가락시장,가락몰 판매동 축산부류 1층 037-1호,02-409-1017,축산부류
"1,109",(유)돈우,가락시장,가락몰 판매동 축산부류 1층 038-1호,02-6978-2096,축산부류
"1,110",(유)신광성축산,가락시장,가락몰 판매동 축산부류 1층 039-1호,02-402-7575,축산부류
"1,111",대도축산,가락시장,가락몰 판매동 축산부류 1층 040-1호,02-409-1451,축산부류
"1,112",성우식품,가락시장,가락몰 판매동 축산부류 1층 041-1호,02-408-2543,축산부류
"1,113",(유)신광성축산,가락시장,가락몰 판매동 축산부류 1층 042-1호,02-402-7575,축산부류
"1,114",(유)해룡축산,가락시장,가락몰 판매동 축산부류 1층 043-1호,02-407-2673,축산부류
"1,115",(유)태경축산,가락시장,가락몰 판매동 축산부류 1층 044-1호,02-6978-2738,축산부류
"1,116",성신유통,가락시장,가락몰 판매동 축산부류 1층 045-1호,02-408-2547,축산부류
"1,117",동양축산,가락시장,가락몰 판매동 축산부류 1층 046-1호,02-403-1458,축산부류
"1,118",동양축산,가락시장,가락몰 판매동 축산부류 1층 047-1호,02-403-1458,축산부류
"1,119",(유)한일축산,가락시장,가락몰 판매동 축산부류 1층 048-1호,02-402-7576,축산부류
"1,120",현대축산,가락시장,가락몰 판매동 축산부류 1층 049-1호,02-6978-2549,축산부류
"1,121",(유)대우축산,가락시장,가락몰 판매동 축산부류 1층 050-1호,02-407-7831,축산부류
"1,122",(유)대명축산,가락시장,가락몰 판매동 축산부류 1층 051-1호,02-409-1675,축산부류
"1,123",(유)제일조은상회,가락시장,가락몰 판매동 축산부류 1층 052-1호,02-407-0986,축산부류
"1,124",(유)형제축산,가락시장,가락몰 판매동 축산부류 1층 053-1호,02-409-1546,축산부류
"1,125",가정축산,가락시장,가락몰 판매동 축산부류 1층 054-1호,02-408-1540,축산부류
"1,126",강동축산,가락시장,가락몰 판매동 축산부류 1층 055-1호,02-408-6404,축산부류
"1,127",친절식품,가락시장,가락몰 판매동 축산부류 1층 056-1호,02-400-2763,축산부류
"1,128",(유)워낭축산,가락시장,가락몰 판매동 축산부류 1층 057-1호,02-408-1230,축산부류
"1,129",(유)팔도축산,가락시장,가락몰 판매동 축산부류 1층 058-1호,,축산부류
"1,130",경기축산,가락시장,가락몰 판매동 축산부류 1층 059-1호,02-408-0032,축산부류
"1,131",호남축산,가락시장,가락몰 판매동 축산부류 1층 060-1호,02-407-2679,축산부류
"1,132",(유)보광축산,가락시장,가락몰 판매동 축산부류 1층 061-1호,02-408-3997,축산부류
"1,133",롯데9한우(유),가락시장,가락몰 판매동 축산부류 1층 062-1호,,축산부류
"1,134",대흥축산,가락시장,가락몰 판매동 축산부류 1층 063-1호,02-409-1549,축산부류
"1,135",김포식품,가락시장,가락몰 판매동 축산부류 1층 064-1호,02-409-1452,축산부류
"1,136",(유)신승유통,가락시장,가락몰 판매동 축산부류 1층 065-1호,02-409-2811,축산부류
"1,137",정육백화점,가락시장,가락몰 판매동 축산부류 1층 066-1호,02-409-2761,축산부류
"1,138",한강축산,가락시장,가락몰 판매동 축산부류 1층 067-1호,02-404-5861,축산부류
"1,139",삼호축산,가락시장,가락몰 판매동 축산부류 1층 068-1호,,축산부류
"1,140",필축산,가락시장,가락몰 판매동 축산부류 1층 069-1호,02-408-1457,축산부류
"1,141",(유)원삼축산,가락시장,가락몰 판매동 축산부류 1층 070-1호,02-408-3997,축산부류
"1,142",밀알유통,가락시장,가락몰 판매동 축산부류 1층 071-1호,02-409-1541,축산부류
"1,143",진미식품,가락시장,가락몰 판매동 축산부류 1층 072-1호,02-409-1455,축산부류
"1,144",(유)유일축산,가락시장,가락몰 판매동 축산부류 1층 073-1호,02-409-2762,축산부류
"1,145",한우풍축산(유),가락시장,가락몰 판매동 축산부류 1층 074-1호,02-409-1816,축산부류
"1,146",(유)원미트,가락시장,가락몰 판매동 축산부류 1층 075-1호,02-407-0985,축산부류
"1,147",성환축산,가락시장,가락몰 판매동 축산부류 1층 076-1호,02-409-1676,축산부류
"1,148",진도축산,가락시장,가락몰 판매동 축산부류 1층 077-1호,02-408-2545,축산부류
"1,149",(주)삼호글로벌미트,가락시장,가락몰 판매동 축산부류 1층 078-1호,02-409-1811,축산부류
"1,150",(유)푸줏간,가락시장,가락몰 판매동 축산부류 1층 079-1호,02-6978-1112,축산부류
"1,151",(주)정군축산,가락시장,가락몰 판매동 축산부류 1층 080-1호,02-431-8078,축산부류
"1,152",똘이상회,가락시장,가락몰 판매동 축산부류 1층 081-1호,02-407-2912,축산부류
"1,153",대지상회,가락시장,가락몰 판매동 축산부류 1층 082-1호,02-407-0868,축산부류
"1,154",(주)나주닭유통,가락시장,가락몰 판매동 축산부류 1층 083-1호,02-407-2472,축산부류
"1,155",(유)동서닭상회,가락시장,가락몰 판매동 축산부류 1층 084-1호,02-407-0702,축산부류
"1,156",(유)신현대축산,가락시장,가락몰 판매동 축산부류 지하2층 001-1호,02-409-2677,축산부류
"1,157",송파축산,가락시장,가락몰 판매동 축산부류 지하2층 002-1호,02-449-9611,축산부류
"1,158",(유)이루세축산물,가락시장,가락몰 판매동 축산부류 지하2층 003-1호,02-409-2814,축산부류
"1,159",오색축산,가락시장,가락몰 판매동 축산부류 지하2층 004-1호,02-402-8082,축산부류
"1,160",삼보식품,가락시장,가락몰 판매동 축산부류 지하2층 005-1호,02-407-2336,축산부류
"1,161",(유)강희축산,가락시장,가락몰 판매동 축산부류 지하2층 006-1호,02-409-2812,축산부류
"1,162",혜성상회,가락시장,가락몰 판매동 축산부류 지하2층 007-1호,02-409-1677,축산부류
"1,163",혜성상회,가락시장,가락몰 판매동 축산부류 지하2층 008-1호,02-409-1677,축산부류
"1,164",신광상회,가락시장,가락몰 판매동 축산부류 지하2층 009-1호,02-403-5595,축산부류
"1,165",봉산상회,가락시장,가락몰 판매동 축산부류 지하2층 010-1호,02-409-1459,축산부류
"1,166",가락부산물,가락시장,가락몰 판매동 축산부류 지하2층 011-1호,02-406-2104,축산부류
"1,167",(유)두리네,가락시장,가락몰 판매동 축산부류 지하2층 012-1호,02-409-2256,축산부류
"1,168",청광상회,가락시장,가락몰 판매동 축산부류 지하2층 013-1호,02-409-8650,축산부류
"1,169",(유)신이루세축산,가락시장,가락몰 판매동 축산부류 지하2층 014-1호,,축산부류
"1,170",(유)진도축산,가락시장,가락몰 판매동 축산부류 지하2층 015-1호,02-404-2881,축산부류
"1,171",대전축산,가락시장,가락몰 판매동 축산부류 지하2층 016-1호,02-409-1813,축산부류
"1,172",충남상회,가락시장,가락몰 판매동 축산부류 지하2층 017-1호,,축산부류
"1,173",대명상회,가락시장,가락몰 판매동 축산부류 지하2층 018-1호,02-406-6695,축산부류
"1,174",(유)남원축산,가락시장,가락몰 판매동 축산부류 지하2층 019-1호,02-403-1136,축산부류
"1,175",(유)한밭상회,가락시장,가락몰 판매동 축산부류 지하2층 020-1호,02-409-1674,축산부류
"1,176",금상상회,가락시장,가락몰 판매동 축산부류 지하2층 021-1호,02-408-9954,축산부류
"1,177",(유)합진축산,가락시장,가락몰 판매동 축산부류 지하2층 022-1호,02-406-2108,축산부류
"1,178",(유)엠케이푸드,가락시장,가락몰 판매동 축산부류 지하2층 023-1호,,축산부류
"1,179",(유)동해식품,가락시장,가락몰 판매동 축산부류 지하2층 024-1호,,축산부류
"1,180",(유)동해식품,가락시장,가락몰 판매동 축산부류 지하2층 025-1호,,축산부류
"1,181",(주)한주주방아울렛,가락시장,가락몰 판매동 관련상가 2층 001-1호,02-6426-0009,기타
"1,182",(유)천덕물류,가락시장,가락몰 판매동 관련상가 2층 002-1호,02-407-0222,기타
"1,183",(유)삼진유통,가락시장,가락몰 판매동 관련상가 2층 003-1호,02-407-5844,기타
"1,184",세계로포장(유),가락시장,가락몰 판매동 관련상가 2층 004-1호,02-448-6886,기타
"1,185",(유)우승포장,가락시장,가락몰 판매동 관련상가 2층 006-1호,02-409-1011,축산부류
"1,186",(유)광명상회,가락시장,가락몰 판매동 관련상가 2층 007-1호,02-407-9323,기타
"1,187",(주)주태인성,가락시장,가락몰 판매동 관련상가 2층 009-1호,,기타
"1,188",(주)주태인성,가락시장,가락몰 판매동 관련상가 2층 009-2호,,기타
"1,189",삼호유통,가락시장,가락몰 판매동 관련상가 2층 010-1호,,기타
"1,190",(주)죽천마을,가락시장,가락몰 판매동 관련상가 2층 011-1호,,기타
"1,191",평화,가락시장,가락몰 판매동 관련상가 2층 012-1호,02-407-5545,건어류
"1,192",진도,가락시장,가락몰 판매동 관련상가 2층 013-1호,02-407-7593,식품잡화
"1,193",(유)진강금,가락시장,가락몰 판매동 관련상가 2층 013-2호,02-408-1645,청과부류
"1,194",(유)자연아름,가락시장,가락몰 판매동 관련상가 2층 014-1호,02-408-8256,청과부류
"1,195",스탠다드푸드,가락시장,가락몰 판매동 관련상가 2층 015-1호,02-407-7640,기타
"1,196",(주)가락원식자재,가락시장,가락몰 판매동 관련상가 2층 016-1호,02-6978-1775,기타
"1,197",(주)주태인성,가락시장,가락몰 판매동 관련상가 2층 016-2호,,기타
"1,198",양남유통(주),가락시장,가락몰 판매동 관련상가 2층 022-1호,02-407-9675,기타
"1,199",(주)유성치킨,가락시장,가락몰 판매동 관련상가 2층 023-1호,02-407-9555,기타
"1,200",(주)서산식품,가락시장,가락몰 판매동 관련상가 2층 024-1호,02-402-6186,기타
"1,201",(유)창현농산,가락시장,가락몰 판매동 관련상가 2층 025-1호,,기타
"1,202",다농산업(주),가락시장,가락몰 판매동 관련상가 2층 027-1호,02-407-1171,기타
"1,203",(유)매일푸드,가락시장,가락몰 판매동 관련상가 2층 028-1호,02-407-5926,기타
"1,204",다농산업(주),가락시장,가락몰 판매동 관련상가 2층 029-1호,02-407-1171,기타
"1,205",(주)성환농산,가락시장,가락몰 판매동 관련상가 2층 036-1호,,청과부류
"1,206",(주)더그린물류,가락시장,가락몰 판매동 관련상가 2층 037-1호,02-407-5093,기타
"1,207",평화,가락시장,가락몰 판매동 관련상가 2층 038-1호,02-407-5545,건어류
"1,208",태광상회,가락시장,가락몰 판매동 관련상가 2층 039-1호,02-409-2080,기타
"1,209",(주)선덕상사,가락시장,가락몰 판매동 관련상가 2층 040-1호,,식품잡화
"1,210",(유)유창에프앤씨,가락시장,가락몰 판매동 관련상가 2층 042-1호,,기타
"1,211",조양상회,가락시장,가락몰 판매동 관련상가 3층 001-1호,02-407-9600,기타
"1,212",유한회사 아침해찬,가락시장,가락몰 판매동 관련상가 3층 002-1호,02-407-9938,기타
"1,213",(유)조양식품,가락시장,가락몰 판매동 관련상가 3층 003-1호,,축산부류
"1,214",신흥상회,가락시장,가락몰 판매동 관련상가 3층 004-1호,,양곡부류
"1,215",홍주상회,가락시장,가락몰 판매동 관련상가 3층 005-1호,,식품잡화
"1,216",정운상회,가락시장,가락몰 판매동 관련상가 3층 006-1호,02-407-9778,기타
"1,217",홍주상회,가락시장,가락몰 판매동 관련상가 3층 007-1호,,식품잡화
"1,218",중앙,가락시장,가락몰 판매동 관련상가 3층 008-1호,,기타
"1,219",(유)지엠대진,가락시장,가락몰 판매동 관련상가 3층 009-1호,02-407-6141,기타
"1,220",영신상회,가락시장,가락몰 판매동 관련상가 3층 010-1호,02-407-9223,기타
"1,221",대영상회,가락시장,가락몰 판매동 관련상가 3층 011-1호,02-407-9586,기타
"1,222",세진상회,가락시장,가락몰 판매동 관련상가 3층 012-1호,,기타
"1,223",(주)서진종합물류,가락시장,가락몰 판매동 관련상가 3층 013-1호,,기타
"1,224",충북,가락시장,가락몰 판매동 관련상가 3층 014-1호,02-407-5111,기타
"1,225",성은,가락시장,가락몰 판매동 관련상가 3층 015-1호,02-407-1141,기타
"1,226",남태령,가락시장,가락몰 판매동 관련상가 3층 016-1호,02-407-9611,기타
"1,227",백양포장,가락시장,가락몰 판매동 관련상가 3층 017-1호,02-407-6095,기타
"1,228",가락팩포장 유한회사,가락시장,가락몰 판매동 관련상가 3층 018-1호,,기타
"1,229",대영상회,가락시장,가락몰 판매동 관련상가 3층 019-1호,02-407-9586,기타
"1,230",삼오상사,가락시장,가락몰 판매동 관련상가 3층 020-1호,,기타
"1,231",삼일농산,가락시장,가락몰 판매동 관련상가 3층 021-1호,02-407-9284,기타
"1,232",(주)태양종합포장,가락시장,가락몰 판매동 관련상가 3층 022-1호,,기타
"1,233",형제상회,가락시장,가락몰 판매동 관련상가 3층 024-1호,,기타
"1,234",유한회사 천우식품,가락시장,가락몰 판매동 관련상가 3층 025-1호,,기타
"1,235",부산상회,가락시장,가락몰 판매동 관련상가 3층 026-1호,,기타
"1,236",부산상회,가락시장,가락몰 판매동 관련상가 3층 027-1호,,기타
"1,237",경북,가락시장,가락몰 판매동 관련상가 3층 028-1호,02-449-2006,기타
"1,238",유한회사 용산식품,가락시장,가락몰 판매동 관련상가 3층 029-1호,,기타
"1,239",중앙,가락시장,가락몰 판매동 관련상가 3층 030-1호,,기타
"1,240",(유)매화동상회,가락시장,가락몰 판매동 관련상가 3층 031-1호,,건어류
"1,241",(유)완도앤드부경,가락시장,가락몰 판매동 관련상가 3층 032-1호,,건어류
"1,242",(주)태양씨푸드,가락시장,가락몰 판매동 관련상가 3층 033-1호,02-407-3728,기타
"1,243",광성상사,가락시장,가락몰 판매동 관련상가 3층 034-1호,02-407-7773,건어류
"1,244",(유)동남물산,가락시장,가락몰 판매동 관련상가 3층 035-1호,,건어기타
"1,245",(유)강동상사,가락시장,가락몰 판매동 관련상가 3층 036-1호,,건어류
"1,246",(유)태림에스엠,가락시장,가락몰 판매동 관련상가 3층 037-1호,,건어류
"1,247",억불상회,가락시장,가락몰 판매동 관련상가 3층 038-1호,02-6417-9769,건어류
"1,248",(유)덕신건해,가락시장,가락몰 판매동 관련상가 3층 039-1호,02-6418-5079,건어기타
"1,249",(유)화강유통,가락시장,가락몰 판매동 관련상가 3층 040-1호,,건어류
"1,250",풍화산업,가락시장,가락몰 판매동 관련상가 3층 041-1호,02-402-7084,건어류
"1,251",미전물산,가락시장,가락몰 판매동 관련상가 3층 042-1호,02-407-2444,건어류
"1,252",성원상회,가락시장,가락몰 판매동 관련상가 3층 043-1호,,건어류
"1,253",동성상회,가락시장,가락몰 판매동 관련상가 3층 044-1호,02-407-7801,건어류
"1,254",(유)풍익상회,가락시장,가락몰 판매동 관련상가 3층 045-1호,,건어류
"1,255",중앙상회,가락시장,가락몰 판매동 관련상가 3층 046-1호,,건어류
"1,256",덕왕상회,가락시장,가락몰 판매동 관련상가 3층 047-1호,,기타
"1,257",(주)삼강해농수산,가락시장,가락몰 판매동 관련상가 3층 048-1호,02-407-9821,건어류
"1,258",유한회사 두꺼비상회,가락시장,가락몰 판매동 편의시설 1층 001-1호,02-3401-1115,채소류
"1,259",주식회사 시장휴게소,가락시장,가락몰 판매동 편의시설 1층 002-1호,,기타
"1,260",(주)성가유통,가락시장,가락몰 판매동 편의시설 1층 003-1호,,기타
"1,261",농협은행(주)가락시장지점,가락시장,가락몰 판매동 편의시설 1층 A01-1호,02-408-6613,기타
"1,262",수협은행 가락동금융센터,가락시장,가락몰 판매동 편의시설 2층 002-1호,02-449-0961,기타
"1,263",가락신용협동조합,가락시장,가락몰 판매동 편의시설 2층 003-1호,02-407-5825,기타
"1,264",(유)만포장,가락시장,가락몰 판매동 편의시설 3층 002-1호,02-409-1456,축산부류
"1,265",(유)웅이네,가락시장,가락몰 판매동 편의시설 3층 003-1호,02-6978-1345,기타
"1,266",농협은행(주)가락시장지점,가락시장,가락몰 판매동 편의시설 3층 A01-1호,02-408-6613,기타
"1,267",(유)가락동문마트,가락시장,가락몰 판매동 편의시설 지하1층 003-1호,,기타
"1,268",(유)가락몰축산직판장상인협의회,가락시장,가락몰 판매동 부대시설 1층 001-1호,02-409-2101,기타
"1,269",(주)가락원식자재,가락시장,가락몰 판매동 부대시설 2층 001-1호,02-6978-1775,기타
"1,270",(주)가락원식자재,가락시장,가락몰 판매동 부대시설 2층 001-2호,02-6978-1775,기타
"1,271",스탠다드푸드,가락시장,가락몰 판매동 부대시설 2층 002-1호,02-407-7640,기타
"1,272",(유)매일푸드,가락시장,가락몰 판매동 부대시설 2층 003-1호,02-407-5926,기타
"1,273",(유)천덕물류,가락시장,가락몰 판매동 부대시설 2층 004-1호,02-407-0222,기타
"1,274",(주)한주주방아울렛,가락시장,가락몰 판매동 부대시설 2층 005-1호,02-6426-0009,기타
"1,275",가락몰 식품종합상가조합,가락시장,가락몰 판매동 부대시설 3층 001-1호,02-6978-1828,기타
"1,276",가락몰 식품종합상가조합,가락시장,가락몰 판매동 부대시설 3층 003-1호,02-6978-1828,기타
"1,277",다농산업(주),가락시장,가락몰 판매동 부대시설 3층 004-1호,02-407-1171,기타
"1,278",다농산업(주),가락시장,가락몰 판매동 부대시설 3층 005-1호,02-407-1171,기타
"1,279",백양포장,가락시장,가락몰 판매동 부대시설 3층 006-1호,02-407-6095,기타
"1,280",충북,가락시장,가락몰 판매동 부대시설 3층 007-1호,02-407-5111,기타
"1,281",형제상회,가락시장,가락몰 판매동 부대시설 3층 007-2호,,기타
"1,282",가락팩포장 유한회사,가락시장,가락몰 판매동 부대시설 3층 007-3호,,기타
"1,283",부산상회,가락시장,가락몰 판매동 부대시설 3층 008-1호,,기타
"1,284",경북,가락시장,가락몰 판매동 부대시설 3층 008-2호,02-449-2006,기타
"1,285",유한회사 천우식품,가락시장,가락몰 판매동 부대시설 3층 008-3호,,기타
"1,286",중앙,가락시장,가락몰 판매동 부대시설 3층 008-4호,,기타
"1,287",유한회사 용산식품,가락시장,가락몰 판매동 부대시설 3층 008-5호,,기타
"1,288",남태령,가락시장,가락몰 판매동 부대시설 3층 009-1호,02-407-9611,기타
"1,289",삼오상사,가락시장,가락몰 판매동 부대시설 3층 009-2호,,기타
"1,290",세진상회,가락시장,가락몰 판매동 부대시설 3층 010-1호,,기타
"1,291",대영상회,가락시장,가락몰 판매동 부대시설 3층 010-2호,02-407-9586,기타
"1,292",(주)서진종합물류,가락시장,가락몰 판매동 부대시설 3층 010-3호,,기타
"1,293",대영상회,가락시장,가락몰 판매동 부대시설 3층 010-4호,02-407-9586,기타
"1,294",백양포장,가락시장,가락몰 판매동 부대시설 3층 011-1호,02-407-6095,기타
"1,295",(주)태양종합포장,가락시장,가락몰 판매동 부대시설 3층 011-2호,,기타
"1,296",영신상회,가락시장,가락몰 판매동 부대시설 3층 011-3호,02-407-9223,기타
"1,297",건어물종합상가조합,가락시장,가락몰 판매동 부대시설 3층 012-1호,,기타
"1,298",건어물종합상가조합,가락시장,가락몰 판매동 부대시설 3층 013-1호,,기타
"1,299",건어물종합상가조합,가락시장,가락몰 판매동 부대시설 3층 014-1호,,기타
"1,300",건어물종합상가조합,가락시장,가락몰 판매동 부대시설 3층 015-1호,,기타
"1,301",건어물종합상가조합,가락시장,가락몰 판매동 부대시설 3층 016-1호,,기타
"1,302",건어물종합상가조합,가락시장,가락몰 판매동 부대시설 3층 017-1호,,기타
"1,303",건어물종합상가조합,가락시장,가락몰 판매동 부대시설 3층 018-1호,,기타
"1,304",유한회사 아침해찬,가락시장,가락몰 판매동 부대시설 3층 019-1호,02-407-9938,기타
"1,305",(유)지엠대진,가락시장,가락몰 판매동 부대시설 3층 020-1호,02-407-6141,기타
"1,306",성은,가락시장,가락몰 판매동 부대시설 3층 020-2호,02-407-1141,기타
"1,307",성은,가락시장,가락몰 판매동 부대시설 3층 020-3호,02-407-1141,기타
"1,308",홍주상회,가락시장,가락몰 판매동 부대시설 3층 020-4호,,식품잡화
"1,309",조양상회,가락시장,가락몰 판매동 부대시설 3층 020-5호,02-407-9600,기타
"1,310",건어물종합상가조합,가락시장,가락몰 판매동 부대시설 3층 021-1호,,기타
"1,311",건어물종합상가조합,가락시장,가락몰 판매동 부대시설 3층 021-2호,,기타
"1,312",건어물종합상가조합,가락시장,가락몰 판매동 부대시설 3층 021-3호,,기타
"1,313",건어물종합상가조합,가락시장,가락몰 판매동 부대시설 3층 021-4호,,기타
"1,314",건어물종합상가조합,가락시장,가락몰 판매동 부대시설 3층 021-5호,,기타
"1,315",(유)만포장,가락시장,가락몰 판매동 부대시설 3층 022-2호,02-409-1456,축산부류
"1,316",(유)웅이네,가락시장,가락몰 판매동 부대시설 3층 022-3호,02-6978-1345,기타
"1,317",(유)중산유통,가락시장,가락몰 판매동 부대시설 지하1층 001-1호,02-6978-3650,채소류
"1,318",(유)가을들녘,가락시장,가락몰 판매동 부대시설 지하1층 001-2호,,채소류
"1,319",(유)지훈유통,가락시장,가락몰 판매동 부대시설 지하1층 001-3호,02-400-2327,채소류
"1,320",(유)태산농산,가락시장,가락몰 판매동 부대시설 지하1층 001-4호,02-431-4947,청과부류
"1,321",경천상회,가락시장,가락몰 판매동 부대시설 지하1층 002-1호,02-404-0864,채소류
"1,322",(유)명성유통,가락시장,가락몰 판매동 부대시설 지하1층 002-2호,,채소류
"1,323",(유)다산건해,가락시장,가락몰 판매동 부대시설 지하1층 002-3호,,채소류
"1,324",황제상회,가락시장,가락몰 판매동 부대시설 지하1층 002-4호,,청과부류
"1,325",(유)인옥농산,가락시장,가락몰 판매동 부대시설 지하1층 003-2호,02-448-0225,채소류
"1,326",다성유통,가락시장,가락몰 판매동 부대시설 지하1층 004-1호,02-407-5854,청과부류
"1,327",(유)고원농산,가락시장,가락몰 판매동 부대시설 지하1층 004-2호,,채소류
"1,328",(유)춘홍농산,가락시장,가락몰 판매동 부대시설 지하1층 004-3호,02-409-0966,채소류
"1,329",(유)군산푸드,가락시장,가락몰 판매동 부대시설 지하1층 004-4호,02-407-0638,채소류
"1,330",(유)건영크린푸드,가락시장,가락몰 판매동 부대시설 지하1층 005-1호,,청과부류
"1,331",남양상회,가락시장,가락몰 판매동 부대시설 지하1층 006-1호,,나물류
"1,332",(유)춘홍농산,가락시장,가락몰 판매동 부대시설 지하1층 007-1호,02-409-0966,채소류
"1,333",정훈상회,가락시장,가락몰 판매동 부대시설 지하1층 007-2호,02-406-6409,과일류
"1,334",(유)상일유통,가락시장,가락몰 판매동 부대시설 지하1층 007-3호,02-408-2529,과일류
"1,335",(유)석칠농산,가락시장,가락몰 판매동 부대시설 지하1층 008-1호,,채소류
"1,336",(유)석칠농산,가락시장,가락몰 판매동 부대시설 지하1층 008-2호,,채소류
"1,337",(유)하양농산,가락시장,가락몰 판매동 부대시설 지하1층 009-1호,,채소류
"1,338",(유)댓골,가락시장,가락몰 판매동 부대시설 지하1층 009-2호,,채소류
"1,339",(유)참좋은농산,가락시장,가락몰 판매동 부대시설 지하1층 009-3호,,채소류
"1,340",(유)영숙농산,가락시장,가락몰 판매동 부대시설 지하1층 009-4호,,채소류
"1,341",(유)원진식품,가락시장,가락몰 판매동 부대시설 지하1층 009-5호,,채소류
"1,342",목포상회,가락시장,가락몰 판매동 부대시설 지하1층 009-6호,02-404-4256,채소류
"1,343",(주)우주식품디씨오피,가락시장,가락몰 판매동 부대시설 지하1층 010-1호,02-6287-0450,기타
"1,344",가락몰 식품종합상가조합,가락시장,가락몰 판매동 부대시설 지하2층 001-1호,02-6978-1828,기타
"1,345",가락몰 협의회,가락시장,가락몰 판매동 부대시설 지하2층 001-2호,,기타
"1,346",가락몰수산협동조합연합회,가락시장,가락몰 판매동 부대시설 지하2층 002-1호,,기타
"1,347",서울건해산물직판상인조합,가락시장,가락몰 판매동 부대시설 지하2층 003-1호,02-407-5784,기타
"1,348",가락몰수산유통인협의회,가락시장,가락몰 판매동 부대시설 지하2층 004-1호,02-402-7081,
"1,349",가락몰젓갈류유통인조합,가락시장,가락몰 판매동 부대시설 지하2층 004-2호,02-402-9729,젓갈류
"1,350",(유)가락몰축산직판장상인협의회,가락시장,가락몰 판매동 부대시설 지하2층 005-1호,02-409-2101,기타
"1,351",가락몰 식품종합상가조합,가락시장,가락몰 판매동 부대시설 지하2층 007-1호,02-6978-1828,기타
"1,352",(유)자연아름,가락시장,가락몰 판매동 부대시설 지하2층 008-1호,02-408-8256,청과부류
"1,353",(유)한양푸드시스템,가락시장,가락몰 판매동 부대시설 지하2층 009-1호,02-407-5737,식품잡화
"1,354",세계로포장(유),가락시장,가락몰 판매동 부대시설 지하2층 010-1호,02-448-6886,기타
"1,355",대창 맘,가락시장,가락몰 판매동 부대시설 지하2층 011-1호,02-407-9018,기타
"1,356",재우상회,가락시장,가락몰 판매동 부대시설 지하2층 012-1호,02-407-3920,기타
"1,357",밀알유통,가락시장,가락몰 판매동 부대시설 지하2층 013-1호,02-409-1541,축산부류
"1,358",밀알유통,가락시장,가락몰 판매동 부대시설 지하2층 013-2호,02-409-1541,축산부류
"1,359",가락몰 협의회,가락시장,가락몰 판매동 부대시설 지하2층 015-1호,,기타
"1,360",가락몰 협의회,가락시장,가락몰 판매동 부대시설 지하2층 016-1호,,기타
"1,361",가락몰 협의회,가락시장,가락몰 판매동 부대시설 지하2층 017-1호,,기타
"1,362",가락몰 청과직판 조합,가락시장,가락몰 판매동 부대시설 지하2층 018-1호,02-430-0082,기타
"1,363",다농산업(주),가락시장,가락몰 판매동 부대시설 지하2층 019-1호,02-407-1171,기타
"1,364",(유)호남상회,가락시장,가락몰 판매동 부대시설 지하2층 A001-1호,,채소류
"1,365",(유)호남상회,가락시장,가락몰 판매동 부대시설 지하2층 A001-2호,,채소류
"1,366",(유)현준팜,가락시장,가락몰 판매동 부대시설 지하2층 A004-1호,,채소류
"1,367",(유)현준팜,가락시장,가락몰 판매동 부대시설 지하2층 A006-1호,,채소류
"1,368",(유)현준팜,가락시장,가락몰 판매동 부대시설 지하2층 A007-1호,,채소류
"1,369",(유)현준팜,가락시장,가락몰 판매동 부대시설 지하2층 A007-2호,,채소류
"1,370",(유)호남상회,가락시장,가락몰 판매동 부대시설 지하2층 A008-1호,,채소류
"1,371",우엉연근상회,가락시장,가락몰 판매동 부대시설 지하2층 A009-1호,02-401-1824,채소류
"1,372",우엉연근상회,가락시장,가락몰 판매동 부대시설 지하2층 A010-1호,02-401-1824,채소류
"1,373",우엉연근상회,가락시장,가락몰 판매동 부대시설 지하2층 A010-2호,02-401-1824,채소류
"1,374",(유)재득농산,가락시장,가락몰 판매동 부대시설 지하2층 A011-1호,,채소류
"1,375",(유)아침해식품,가락시장,가락몰 판매동 부대시설 지하2층 A012-1호,02-6978-0177,과일류
"1,376",(유)아침해식품,가락시장,가락몰 판매동 부대시설 지하2층 A013-1호,02-6978-0177,과일류
"1,377",(유)아침해식품,가락시장,가락몰 판매동 부대시설 지하2층 A014-1호,02-6978-0177,과일류
"1,378",(유)흥주그린농산,가락시장,가락몰 판매동 부대시설 지하2층 A014-2호,,채소류
"1,379",(유)덕신농산,가락시장,가락몰 판매동 부대시설 지하2층 A015-1호,,채소류
"1,380",(유)벌교유통,가락시장,가락몰 판매동 부대시설 지하2층 A015-2호,,청과부류
"1,381",(유)은혜상회,가락시장,가락몰 판매동 부대시설 지하2층 A016-2호,,채소류
"1,382",(유)이팔팔상회,가락시장,가락몰 판매동 부대시설 지하2층 A017-1호,,청과부류
"1,383",(유)영천농산,가락시장,가락몰 판매동 부대시설 지하2층 A017-2호,,채소류
"1,384",(유)또와,가락시장,가락몰 판매동 부대시설 지하2층 A018-1호,,채소류
"1,385",(유)스마일상회,가락시장,가락몰 판매동 부대시설 지하2층 A018-2호,,채소류
"1,386",한양상회,가락시장,가락몰 판매동 부대시설 지하2층 A021-1호,02-408-7401,채소류
"1,387",한양상회,가락시장,가락몰 판매동 부대시설 지하2층 A021-2호,02-408-7401,채소류
"1,388",우엉연근상회,가락시장,가락몰 판매동 부대시설 지하2층 A022-1호,02-401-1824,채소류
"1,389",우엉연근상회,가락시장,가락몰 판매동 부대시설 지하2층 A022-2호,02-401-1824,채소류
"1,390",(유)탑월드대파유통,가락시장,가락몰 판매동 부대시설 지하2층 A023-1호,,채소류
"1,391",(유)탑월드대파유통,가락시장,가락몰 판매동 부대시설 지하2층 A024-1호,,채소류
"1,392",(유)현아농산,가락시장,가락몰 판매동 부대시설 지하2층 A027-1호,070-8773-1625,청과부류
"1,393",(유)현아농산,가락시장,가락몰 판매동 부대시설 지하2층 A028-1호,070-8773-1625,청과부류
"1,394",(유)현아농산,가락시장,가락몰 판매동 부대시설 지하2층 A029-1호,070-8773-1625,청과부류
"1,395",(유)현아농산,가락시장,가락몰 판매동 부대시설 지하2층 A030-1호,070-8773-1625,청과부류
"1,396",(유)한들유통,가락시장,가락몰 판매동 부대시설 지하2층 A031-1호,,청과부류
"1,397",(유)한들유통,가락시장,가락몰 판매동 부대시설 지하2층 A031-2호,,청과부류
"1,398",(유)현아농산,가락시장,가락몰 판매동 부대시설 지하2층 A032-1호,070-8773-1625,청과부류
"1,399",(유)현아농산,가락시장,가락몰 판매동 부대시설 지하2층 A033-1호,070-8773-1625,청과부류
"1,400",(유)성국농산,가락시장,가락몰 판매동 부대시설 지하2층 A034-1호,,채소류
"1,401",(유)한들유통,가락시장,가락몰 판매동 부대시설 지하2층 A036-1호,,청과부류
"1,402",금호상회,가락시장,가락몰 판매동 부대시설 지하2층 A037-1호,02-448-9152,채소류
"1,403",(유)벌교유통,가락시장,가락몰 판매동 부대시설 지하2층 A038-1호,,청과부류
"1,404",(주)주성식품,가락시장,가락몰 판매동 부대시설 지하2층 A040-1호,,채소류
"1,405",(주)주성식품,가락시장,가락몰 판매동 부대시설 지하2층 A041-1호,,채소류
"1,406",(주)주성식품,가락시장,가락몰 판매동 부대시설 지하2층 A042-1호,,채소류
"1,407",(유)벌교유통,가락시장,가락몰 판매동 부대시설 지하2층 A043-1호,,청과부류
"1,408",(유)석진농산,가락시장,가락몰 판매동 부대시설 지하2층 A044-1호,,채소류
"1,409",(유)찬들농산,가락시장,가락몰 판매동 부대시설 지하2층 A045-1호,,채소류
"1,410",(유)찬들농산,가락시장,가락몰 판매동 부대시설 지하2층 A046-1호,,채소류
"1,411",남창농산물유통(주),가락시장,가락몰 판매동 부대시설 지하2층 A047-1호,,채소류
"1,412",남창농산물유통(주),가락시장,가락몰 판매동 부대시설 지하2층 A048-1호,,채소류
"1,413",(유)한빛농산,가락시장,가락몰 판매동 부대시설 지하2층 A049-1호,,채소류
"1,414",용진상회,가락시장,가락몰 판매동 부대시설 지하2층 A050-1호,02-431-7313,채소류
"1,415",(유)찬들농산,가락시장,가락몰 판매동 부대시설 지하2층 A051-1호,,채소류
"1,416",남영상회,가락시장,가락몰 판매동 부대시설 지하2층 A052-1호,02-404-7486,채소류
"1,417",남영상회,가락시장,가락몰 판매동 부대시설 지하2층 A053-1호,02-404-7486,채소류
"1,418",정우상사,가락시장,가락몰 판매동 부대시설 지하2층 A054-1호,02-6419-2365,채소류
"1,419",정우상사,가락시장,가락몰 판매동 부대시설 지하2층 A055-1호,02-6419-2365,채소류
"1,420",(유)양파농산,가락시장,가락몰 판매동 부대시설 지하2층 A056-1호,,채소류
"1,421",(유)진경농산,가락시장,가락몰 판매동 부대시설 지하2층 A057-1호,,채소류
"1,422",(유)벌교유통,가락시장,가락몰 판매동 부대시설 지하2층 A058-1호,,청과부류
"1,423",(유)정가네농산,가락시장,가락몰 판매동 부대시설 지하2층 A059-1호,02-406-6549,채소류
"1,424",(유)더그린푸드,가락시장,가락몰 판매동 부대시설 지하2층 A060-1호,,채소류
"1,425",(유)더그린푸드,가락시장,가락몰 판매동 부대시설 지하2층 A061-1호,,채소류
"1,426",(유)더그린푸드,가락시장,가락몰 판매동 부대시설 지하2층 A062-1호,,채소류
"1,427",(유)서경상회,가락시장,가락몰 판매동 부대시설 지하2층 A062-2호,,청과부류
"1,428",(유)병현농산,가락시장,가락몰 판매동 부대시설 지하2층 A063-1호,02-430-2952,채소류
"1,429",(유)늘봄상회,가락시장,가락몰 판매동 부대시설 지하2층 A064-1호,,채소류
"1,430",송림식품,가락시장,가락몰 판매동 부대시설 지하2층 A067-1호,02-407-3234,채소류
"1,431",송림식품,가락시장,가락몰 판매동 부대시설 지하2층 A068-1호,02-407-3234,채소류
"1,432",(유)울타리,가락시장,가락몰 판매동 부대시설 지하2층 A069-1호,,채소류
"1,433",송림식품,가락시장,가락몰 판매동 부대시설 지하2층 A070-1호,02-407-3234,채소류
"1,434",(유)울타리,가락시장,가락몰 판매동 부대시설 지하2층 A071-1호,,채소류
"1,435",(유)울타리,가락시장,가락몰 판매동 부대시설 지하2층 A072-1호,,채소류
"1,436",(유)울타리,가락시장,가락몰 판매동 부대시설 지하2층 A073-1호,,채소류
"1,437",(유)울타리,가락시장,가락몰 판매동 부대시설 지하2층 A074-1호,,채소류
"1,438",(유)울타리,가락시장,가락몰 판매동 부대시설 지하2층 A075-1호,,채소류
"1,439",(유)울타리,가락시장,가락몰 판매동 부대시설 지하2층 A076-1호,,채소류
"1,440",남창농산물유통(주),가락시장,가락몰 판매동 부대시설 지하2층 A077-1호,,채소류
"1,441",(유)보송농산,가락시장,가락몰 판매동 부대시설 지하2층 A078-1호,02-448-7354,채소류
"1,442",(유)보송농산,가락시장,가락몰 판매동 부대시설 지하2층 A079-1호,02-448-7354,채소류
"1,443",(유)서울허브팜,가락시장,가락몰 판매동 부대시설 지하2층 A081-1호,,채소류
"1,444",(유)서울허브팜,가락시장,가락몰 판매동 부대시설 지하2층 A082-1호,,채소류
"1,445",(유)서울허브팜,가락시장,가락몰 판매동 부대시설 지하2층 A083-1호,,채소류
"1,446",(유)현아농산,가락시장,가락몰 판매동 부대시설 지하2층 B001-1호,070-8773-1625,청과부류
"1,447",(유)순이유통,가락시장,가락몰 판매동 부대시설 지하2층 B002-1호,,청과부류
"1,448",(유)에이원푸드시스템,가락시장,가락몰 판매동 부대시설 지하2층 B003-1호,,채소류
"1,449",(유)한백농산,가락시장,가락몰 판매동 부대시설 지하2층 B004-1호,,채소류
"1,450",(유)혜연이네,가락시장,가락몰 판매동 부대시설 지하2층 B005-1호,,채소류
"1,451",(유)그린박사,가락시장,가락몰 판매동 부대시설 지하2층 B006-1호,,채소류
"1,452",(주)서우유통,가락시장,가락몰 판매동 부대시설 지하2층 B007-1호,,채소류
"1,453",(유)재득농산,가락시장,가락몰 판매동 부대시설 지하2층 B008-1호,,채소류
"1,454",(유)산들농산,가락시장,가락몰 판매동 부대시설 지하2층 B009-1호,,채소류
"1,455",매일상회,가락시장,가락몰 판매동 부대시설 지하2층 B010-1호,02-408-0252,채소류
"1,456",(주)태승상회,가락시장,가락몰 판매동 부대시설 지하2층 B011-1호,,청과부류
"1,457",(유)탑월드대파유통,가락시장,가락몰 판매동 부대시설 지하2층 B012-1호,,채소류
"1,458",(유)연일상회,가락시장,가락몰 판매동 부대시설 지하2층 B013-1호,,채소류
"1,459",(유)서울팜,가락시장,가락몰 판매동 부대시설 지하2층 B014-1호,02-448-7351,채소류
"1,460",농업회사법인 (유)대명농산,가락시장,가락몰 판매동 부대시설 지하2층 B015-1호,,채소류
"1,461",농업회사법인 (유)대명농산,가락시장,가락몰 판매동 부대시설 지하2층 B015-2호,,채소류
"1,462",(유)고원농산,가락시장,가락몰 판매동 부대시설 지하2층 B016-1호,,채소류
"1,463",백제상회,가락시장,가락몰 판매동 부대시설 지하2층 B016-2호,02-408-3904,과일류
"1,464",(유)주은농산,가락시장,가락몰 판매동 부대시설 지하2층 B017-1호,080-577-8888,채소류
"1,465",(유)주은농산,가락시장,가락몰 판매동 부대시설 지하2층 B017-2호,080-577-8888,채소류
"1,466",(유)세연농산,가락시장,가락몰 판매동 부대시설 지하2층 B018-1호,02-408-4252,채소류
"1,467",금농푸드빌(유),가락시장,가락몰 판매동 부대시설 지하2층 B018-2호,,청과부류
"1,468",(주)일용그린,가락시장,가락몰 판매동 부대시설 지하2층 B019-1호,02-406-3832,과일류
"1,469",친절한채소씨,가락시장,가락몰 판매동 부대시설 지하2층 B020-1호,,채소류
"1,470",(유)딸기네유통,가락시장,가락몰 판매동 부대시설 지하2층 B021-1호,02-408-9967,과일류
"1,471",(유)서경상회,가락시장,가락몰 판매동 부대시설 지하2층 B022-1호,,청과부류
"1,472",정우상사,가락시장,가락몰 판매동 부대시설 지하2층 B023-1호,02-6419-2365,채소류
"1,473",(유)은혜상회,가락시장,가락몰 판매동 부대시설 지하2층 B024-1호,,채소류
"1,474",(유)임호유통,가락시장,가락몰 판매동 부대시설 지하2층 B025-1호,02-408-8419,채소류
"1,475",(유)유남유통,가락시장,가락몰 판매동 부대시설 지하2층 B026-1호,02-407-9900,채소류
"1,476",(유)신덕농산,가락시장,가락몰 판매동 부대시설 지하2층 B027-1호,,채소류
"1,477",(유)병오유통,가락시장,가락몰 판매동 부대시설 지하2층 B028-1호,,채소류
"1,478",(유)승락상회,가락시장,가락몰 판매동 부대시설 지하2층 B029-1호,,채소류
"1,479",(유)더영화상회,가락시장,가락몰 판매동 부대시설 지하2층 B029-2호,,채소류
"1,480",우신상회,가락시장,가락몰 판매동 부대시설 지하2층 B030-1호,,채소류
"1,481",(유)기품찬,가락시장,가락몰 판매동 부대시설 지하2층 B030-2호,,청과부류
"1,482",(유)해원상회,가락시장,가락몰 판매동 부대시설 지하2층 B031-1호,,채소류
"1,483",(유)기복농산,가락시장,가락몰 판매동 부대시설 지하2층 B031-2호,,채소류
"1,484",(유)병진농산,가락시장,가락몰 판매동 부대시설 지하2층 B032-1호,02-407-8706,채소류
"1,485",(유)찬들농산,가락시장,가락몰 판매동 부대시설 지하2층 B032-2호,,채소류
"1,486",(유)승미농산,가락시장,가락몰 판매동 부대시설 지하2층 B033-1호,,채소류
"1,487",(유)서경앤솔,가락시장,가락몰 판매동 부대시설 지하2층 B033-2호,,청과부류
"1,488",(유)익산상회,가락시장,가락몰 판매동 부대시설 지하2층 B034-1호,,청과부류
"1,489",(유)동국청과,가락시장,가락몰 판매동 부대시설 지하2층 B034-2호,02-408-5741,청과부류
"1,490",(유)혜연이네,가락시장,가락몰 판매동 부대시설 지하2층 C001-1호,,채소류
"1,491",(유)고바식품,가락시장,가락몰 판매동 부대시설 지하2층 C002-1호,,청과부류
"1,492",(유)가락식품마트,가락시장,가락몰 판매동 부대시설 지하2층 C003-1호,02-6978-2989,기타채소
"1,493",(유)싱싱채소그린팜,가락시장,가락몰 판매동 부대시설 지하2층 C004-1호,,채소류
"1,494",(유)선진인삼,가락시장,가락몰 판매동 부대시설 지하2층 C004-2호,02-443-4036,채소류
"1,495",(주)회진유통,가락시장,가락몰 판매동 부대시설 지하2층 C005-1호,,청과부류
"1,496",(유)황포상회,가락시장,가락몰 판매동 부대시설 지하2층 C005-2호,,청과부류
"1,497",(유)춘홍농산,가락시장,가락몰 판매동 부대시설 지하2층 C006-1호,02-409-0966,채소류
"1,498",웃어봐요실로암,가락시장,가락몰 판매동 부대시설 지하2층 C007-1호,02-443-5037,청과부류
"1,499",(유)호연푸드,가락시장,가락몰 판매동 부대시설 지하2층 C007-2호,,채소류
"1,500",웃어봐요실로암,가락시장,가락몰 판매동 부대시설 지하2층 C008-1호,02-443-5037,청과부류
"1,501",온양상회,가락시장,가락몰 판매동 부대시설 지하2층 C009-1호,,채소류
"1,502",예산상회,가락시장,가락몰 판매동 부대시설 지하2층 C010-1호,02-400-2028,청과부류
"1,503",(유)미라유통,가락시장,가락몰 판매동 부대시설 지하2층 C10-2호,,채소류
"1,504",(유)대호종합식품,가락시장,가락몰 판매동 부대시설 지하2층 C011-1호,02-402-7777,기타채소
"1,505",(유)산들농산,가락시장,가락몰 판매동 부대시설 지하2층 C012-1호,,채소류
"1,506",(유)덕신농산,가락시장,가락몰 판매동 부대시설 지하2층 C012-2호,,채소류
"1,507",은주상회,가락시장,가락몰 판매동 부대시설 지하2층 C013-1호,,청과부류
"1,508",(유)그린박사,가락시장,가락몰 판매동 부대시설 지하2층 C013-2호,,채소류
"1,509",대주건해,가락시장,가락몰 판매동 부대시설 지하2층 C14-1호,,기타채소
"1,510",(주)제일푸드빌,가락시장,가락몰 판매동 부대시설 지하2층 C014-2호,,청과부류
"1,511",예산상회,가락시장,가락몰 판매동 부대시설 지하2층 C015-1호,02-400-2028,청과부류
"1,512",(유)강동유통,가락시장,가락몰 판매동 부대시설 지하2층 C016-1호,02-3435-5775,채소류
"1,513",(유)푸드타임,가락시장,가락몰 판매동 부대시설 지하2층 C017-1호,,채소류
"1,514",어허라농산,가락시장,가락몰 판매동 부대시설 지하2층 C017-2호,,채소류
"1,515",(유)도성상사,가락시장,가락몰 판매동 부대시설 지하2층 C018-1호,,채소류
"1,516",(유)고바식품,가락시장,가락몰 판매동 부대시설 지하2층 D001-1호,,청과부류
"1,517",(유)이노농산,가락시장,가락몰 판매동 부대시설 지하2층 D002-1호,,청과부류
"1,518",(주)그린상회,가락시장,가락몰 판매동 부대시설 지하2층 D003-1호,02-402-9331,기타
"1,519",(주)가락봉투,가락시장,가락몰 판매동 부대시설 지하2층 D004-1호,02-449-1394,청과부류
"1,520",(주)가락봉투,가락시장,가락몰 판매동 부대시설 지하2층 D005-1호,02-449-1394,청과부류
"1,521",(유)흥주그린농산,가락시장,가락몰 판매동 부대시설 지하2층 D006-1호,,채소류
"1,522",(유)선진인삼,가락시장,가락몰 판매동 부대시설 지하2층 D007-1호,02-443-4036,채소류
"1,523",(유)호연푸드,가락시장,가락몰 판매동 부대시설 지하2층 D008-1호,,채소류
"1,524",서울포장,가락시장,가락몰 판매동 부대시설 지하2층 D009-1호,,채소류
"1,525",(유)황제페팅,가락시장,가락몰 판매동 부대시설 지하2층 D010-1호,,채소류
"1,526",웃어봐요실로암,가락시장,가락몰 판매동 부대시설 지하2층 D011-1호,02-443-5037,청과부류
"1,527",(유)농우식품,가락시장,가락몰 판매동 부대시설 지하2층 D012-1호,02-413-2735,채소류
"1,528",대성유통,가락시장,가락몰 판매동 부대시설 지하2층 D013-1호,,청과부류
"1,529",(유)원상상회,가락시장,가락몰 판매동 부대시설 지하2층 D014-1호,,청과부류
"1,530",서울포장,가락시장,가락몰 판매동 부대시설 지하2층 D015-1호,,채소류
"1,531",(주)가락봉투,가락시장,가락몰 판매동 부대시설 지하2층 D016-1호,02-449-1394,청과부류
"1,532",(유)기찬푸드,가락시장,가락몰 판매동 부대시설 지하2층 D017-1호,,청과부류
"1,533",(유)양지상회,가락시장,가락몰 판매동 부대시설 지하2층 D018-1호,,기타
"1,534",(유)고바식품,가락시장,가락몰 판매동 부대시설 지하2층 D019-1호,,청과부류
"1,535",(유)황제페팅,가락시장,가락몰 판매동 부대시설 지하2층 D020-1호,,채소류
"1,536",럭키봉투,가락시장,가락몰 판매동 부대시설 지하2층 D021-1호,02-404-2319,채소류
"1,537",(유)그린박사,가락시장,가락몰 판매동 부대시설 지하2층 D022-1호,,채소류
"1,538",(주)제일푸드빌,가락시장,가락몰 판매동 부대시설 지하2층 D023-1호,,청과부류
"1,539",(주)가락봉투,가락시장,가락몰 판매동 부대시설 지하2층 D024-1호,02-449-1394,청과부류
"1,540",(유)장수농산,가락시장,가락몰 판매동 부대시설 지하2층 D025-1호,02-400-3662,채소류
"1,541",(유)흥부상회,가락시장,가락몰 판매동 부대시설 지하2층 D026-1호,02-449-1609,청과부류
"1,542",한일유통,가락시장,가락몰 판매동 부대시설 지하2층 D027-1호,02-408-8639,청과부류
"1,543",(유)구월푸드,가락시장,가락몰 판매동 부대시설 지하2층 D028-1호,,채소류
"1,544",(유)재현농산,가락시장,가락몰 판매동 부대시설 지하2층 D029-1호,02-407-0695,채소류
"1,545",(유)가락식품마트,가락시장,가락몰 판매동 부대시설 지하2층 D030-1호,02-6978-2989,기타채소
"1,546",(유)대영상회,가락시장,가락몰 판매동 부대시설 지하2층 D033-1호,,청과부류
"1,547",(유)신성유통,가락시장,가락몰 판매동 부대시설 지하2층 D034-1호,02-6978-0333,채소류
"1,548",가락몰 식품종합상가조합,가락시장,가락몰 판매동 부대시설 지하2층 출고하역장 E001-1호,02-6978-1828,기타
"1,549",가락몰 협의회,가락시장,가락몰 판매동 부대시설 지하2층 출고하역장 E002-1호,,기타
"1,550",서울건해산물직판상인조합,가락시장,가락몰 판매동 부대시설 지하2층 출고하역장 E003-1호,02-407-5784,기타
"1,551",가락몰수산유통인협의회,가락시장,가락몰 판매동 부대시설 지하2층 출고하역장 E004-1호,02-402-7081,
"1,552",서울건해산물직판상인조합,가락시장,가락몰 판매동 부대시설 지하2층 출고하역장 E005-1호,02-407-5784,기타
"1,553",가락몰 청과직판 조합,가락시장,가락몰 판매동 부대시설 지하2층 출고하역장 E006-1호,02-430-0082,기타
"1,554",(유)가락몰축산직판장상인협의회,가락시장,가락몰 판매동 부대시설 지하2층 출고하역장 E007-1호,02-409-2101,기타
"1,555",서울건해산물직판상인조합,가락시장,가락몰 판매동 부대시설 지하2층 출고하역장 E008-1호,02-407-5784,기타
